Date,AAPL,MSFT,IBM,AABA,GLDI,V
1/20/2015,108.7200012,46.38999939,156.9499969,47.63000107,12.48999977,64.20999908
1/21/2015,109.5500031,45.91999817,152.0899963,48.18000031,12.47000027,64.31999969
1/22/2015,112.4000015,47.13000107,155.3899994,48.88999939,12.52000046,64.40000153
1/23/2015,112.9800034,47.18000031,155.8699951,48.95000076,12.51000023,64.57250214
1/26/2015,113.0999985,47.00999832,156.3600006,49.43999863,12.47000027,64.13249969
1/27/2015,109.1399994,42.65999985,153.6699982,47.99000168,12.55000019,62.74750137
1/28/2015,115.3099976,41.18999863,151.5500031,46.45999908,12.53499985,61.59000015
1/29/2015,118.9000015,42.00999832,155.4799957,43.72999954,12.44699955,62
1/30/2015,117.1600037,40.40000153,153.3099976,43.99000168,12.51000023,63.72750092
2/2/2015,118.6299973,41.27999878,154.6600037,44.68500137,12.52000046,63.83499908
2/3/2015,118.6500015,41.59999847,158.4700012,44.70000076,12.48999977,64.94750214
2/4/2015,119.5599976,41.84000015,156.9600067,44.04499817,12.5,66.22250366
2/5/2015,119.9400024,42.45000076,157.9100037,43.54499817,12.52000046,67.94999695
2/6/2015,118.9300003,42.40999985,156.7200012,42.93999863,12.35099983,66.85500336
2/9/2015,119.7200012,42.36000061,155.75,42.56999969,12.42700005,66.36499786
2/10/2015,122.0199966,42.59999847,158.5599976,43.06999969,12.39000034,66.13749695
2/11/2015,124.8799973,42.38000107,158.1999969,42.95999908,12.30000019,66.49749756
2/12/2015,126.4599991,43.09000015,158.5200043,43.92499924,12.32999992,67.72750092
2/13/2015,127.0800018,43.86999893,160.3999939,44.41999817,12.39000034,67.40750122
2/17/2015,127.8300018,43.58000183,160.9600067,43.52999878,12.27000046,67.71749878
2/18/2015,128.7200012,43.52999878,162.1900024,43.65000153,12.09000015,67.27999878
2/19/2015,128.4499969,43.5,163.8899994,44.36999893,12.03999996,67.27500153
2/20/2015,129.5,43.86000061,163.6499939,44.11000061,12,68.25
2/23/2015,133,44.15000153,162.9100037,43.52999878,12,68.25250244
2/24/2015,132.1699982,44.09000015,164.8300018,43.38000107,11.98999977,68.11750031
2/25/2015,128.7899933,43.99000168,162.8099976,44.43000031,12.03999996,68.25250244
2/26/2015,130.4199982,44.06000137,160.8699951,44.45000076,12.06999969,68.4375
2/27/2015,128.4600067,43.84999847,161.9400024,44.27999878,12.10000038,67.82749939
3/2/2015,129.0899963,43.88000107,160.4799957,44.11000061,12.03999996,69.57250214
3/3/2015,129.3600006,43.27999878,161.0299988,42.61999893,12.0170002,68.82499695
3/4/2015,128.5399933,43.06000137,159.4199982,43.99000168,11.96000004,68.4375
3/5/2015,126.4100037,43.11000061,161.1799927,44.15999985,11.97999954,68.53250122
3/6/2015,126.5999985,42.36000061,158.5,43.43999863,11.66600037,67.33499908
3/9/2015,127.1399994,42.84999847,160.7700043,42.97999954,11.64999962,67.85500336
3/10/2015,124.5100021,42.02999878,157.8099976,42.67499924,11.60499954,66.30000305
3/11/2015,122.2399979,41.97999954,156.8000031,42.5,11.52200031,66.1875
3/12/2015,124.4499969,41.02000046,157.9799957,42.95000076,11.51000023,67.39499664
3/13/2015,123.5899963,41.38000107,154.2799988,42.86999893,11.56000042,66.25749969
3/16/2015,124.9499969,41.56000137,157.0800018,43.50999832,11.54599953,67.25499725
3/17/2015,127.0400009,41.70000076,156.9600067,43.78499985,11.47000027,66.125
3/18/2015,128.4700012,42.5,159.8099976,44.66999817,11.57999992,66.91750336
3/19/2015,127.5,42.29000092,159.8099976,44.97999954,11.63000011,66.80999756
3/20/2015,125.9000015,42.88000107,162.8800049,45.03499985,11.72000027,67.41000366
3/23/2015,127.2099991,42.86000061,164.6300049,44.71500015,11.77999973,67.08000183
3/24/2015,126.6900024,42.90000153,163,44.41999817,11.81999969,67.09999847
3/25/2015,123.3799973,41.45999908,159.1999969,44.20000076,11.84000015,65.73000336
3/26/2015,124.2399979,41.20999908,160.5899963,44.47000122,11.87899971,65.58999634
3/27/2015,123.25,40.97000122,160.3999939,45.09999847,11.85000038,65.54000092
3/30/2015,126.3700027,40.95999908,162.6699982,44.95000076,11.77000046,65.66000366
3/31/2015,124.4300003,40.65999985,160.5,44.43500137,11.75,65.41000366
4/1/2015,124.25,40.72000122,159.1799927,44.13000107,11.89999962,65.18000031
4/2/2015,125.3199997,40.29000092,160.4499969,44.15000153,11.89000034,65.29000092
4/6/2015,127.3499985,41.54999924,162.0399933,43.66999817,11.98999977,65.19999695
4/7/2015,126.0100021,41.52999878,162.0700073,43.61000061,11.96000004,65.80000305
4/8/2015,125.5999985,41.41999817,161.8500061,45.16999817,11.91399956,66.5
4/9/2015,126.5599976,41.47999954,162.3399963,45.63000107,11.85999966,66.44000244
4/10/2015,127.0999985,41.72000122,162.8600006,45.18000031,11.97700024,66.33999634
4/13/2015,126.8499985,41.75999832,162.3800049,44.77000046,11.89999962,65.61000061
4/14/2015,126.3000031,41.65000153,162.3000031,45.52500153,11.84599972,65.52999878
4/15/2015,126.7799988,42.25999832,164.1300049,45.72999954,11.93999958,65.68000031
4/16/2015,126.1699982,42.15999985,163.1300049,45.77999878,11.89999962,65.65000153
4/17/2015,124.75,41.61999893,160.6699982,44.45000076,11.93999958,64.51999664
4/20/2015,127.5999985,42.90999985,166.1600037,44.65499878,11.78600025,64.72000122
4/21/2015,126.9100037,42.63999939,164.2599945,44.49000168,11.85000038,65.34999847
4/22/2015,128.6199951,42.99000168,165.3600006,43.97499847,11.72000027,68.01000214
4/23/2015,129.6699982,43.34000015,170.2400055,43.69499969,11.83199978,67.72000122
4/24/2015,130.2799988,47.86999893,169.7799988,44.52000046,11.63000011,67.48000336
4/27/2015,132.6499939,48.02999878,170.7299957,44.36000061,11.8760004,67.09999847
4/28/2015,130.5599976,49.15999985,173.9199982,44.34000015,11.93999958,66.76999664
4/29/2015,128.6399994,49.06000137,174.3999939,43.27999878,11.91499996,67.33999634
4/30/2015,125.1500015,48.63999939,171.2899933,42.56499863,11.69999981,66.05000305
5/1/2015,128.9499969,48.65999985,173.6699982,42.50999832,11.63000011,65.76999664
5/4/2015,128.6999969,48.24000168,173.9700012,42.04000092,11.76000023,65.58000183
5/5/2015,125.8000031,47.59999847,173.0800018,41.29999924,11.80000019,65.95999908
5/6/2015,125.0100021,46.27999878,170.0500031,41.65999985,11.78999996,65.66999817
5/7/2015,125.2600021,46.70000076,170.9900055,43.86999893,11.71000004,66.58000183
5/8/2015,127.6200027,47.75,172.6799927,44.09000015,11.76000023,69.47000122
5/11/2015,126.3199997,47.36999893,171.1199951,43.59999847,11.73799992,69.01999664
5/12/2015,125.8700027,47.34999847,170.5500031,43.84000015,11.81000042,68.69000244
5/13/2015,126.0100021,47.63000107,172.2799988,44.39500046,11.85999966,68.65000153
5/14/2015,128.9499969,48.72000122,174.0500031,44.95000076,11.93999958,70
5/15/2015,128.7700043,48.29999924,173.2599945,44.75,11.97000027,69.56999969
5/18/2015,130.1900024,48.00999832,173.0599976,44.36000061,11.97000027,70
5/19/2015,130.0700073,47.58000183,173.4799957,40.97999954,11.86999989,70.16000366
5/20/2015,130.0599976,47.58000183,173.7599945,42.79000092,11.85999966,69.77999878
5/21/2015,131.3899994,47.41999817,173.3399963,43.67499924,11.88000011,69.37000275
5/22/2015,132.5399933,46.90000153,172.2200012,43.48500061,11.88000011,69.62000275
5/26/2015,129.6199951,46.59000015,170.1300049,42.84999847,11.73999977,68.54000092
5/27/2015,132.0399933,47.61000061,172,43.38000107,11.74499989,69.48999786
5/28/2015,131.7799988,47.45000076,171.7100067,43.06999969,11.7329998,69.55999756
5/29/2015,130.2799988,46.86000061,169.6499939,42.93500137,11.77000046,68.68000031
6/1/2015,130.5399933,47.22999954,170.1799927,43.34999847,11.76000023,69.11000061
6/2/2015,129.9600067,46.91999817,169.6499939,43.15000153,11.80000019,69.04000092
6/3/2015,130.1199951,46.84999847,169.9199982,43.20999908,11.72999954,68.94999695
6/4/2015,129.3600006,46.36000061,168.3800049,42.88000107,11.68999958,68.20999908
6/5/2015,128.6499939,46.13999939,167.3999939,42.81000137,11.61999989,68.37000275
6/8/2015,127.8000031,45.72999954,165.3399963,42.00999832,11.63000011,67.68000031
6/9/2015,127.4199982,45.65000153,165.6799927,41.63000107,11.68000031,67.94999695
6/10/2015,128.8800049,46.61000061,168.9199982,42.06000137,11.72999954,69.62999725
6/11/2015,128.5899963,46.43999863,168.7799988,40.93500137,11.73999977,69.63999939
6/12/2015,127.1699982,45.97000122,166.9900055,40.52500153,11.68999958,69.33000183
6/15/2015,126.9199982,45.47999954,166.2599945,40.47000122,11.75,68.56999969
6/16/2015,127.5999985,45.83000183,166.8399963,40.63499832,11.68999958,69.01000214
6/17/2015,127.3000031,45.97000122,167.1699982,40.95999908,11.72599983,68.75
6/18/2015,127.8799973,46.72000122,168.25,40.90999985,11.78999996,69.5
6/19/2015,126.5999985,46.09999847,166.9900055,40.50999832,11.76799965,68.69000244
6/22/2015,127.6100006,46.22999954,167.7299957,40.72999954,11.64999962,69.08999634
6/23/2015,127.0299988,45.90999985,168.6199951,40.65000153,11.59599972,69.41999817
6/24/2015,128.1100006,45.63999939,166.9700012,40.93999863,11.60999966,68.86000061
6/25/2015,127.5,45.65000153,166.0800018,41.06499863,11.59000015,68.62000275
6/26/2015,126.75,45.25999832,165.4600067,40.06000137,11.60000038,68.75
6/29/2015,124.5299988,44.36999893,162.9700012,38.90999985,11.62199974,66.72000122
6/30/2015,125.4300003,44.15000153,162.6600037,39.29000092,11.55000019,67.15000153
7/1/2015,126.5999985,44.45000076,164.4900055,39.33000183,11.55000019,67.84999847
7/2/2015,126.4400024,44.40000153,165.0899963,39.38000107,11.48700047,68.23999786
7/6/2015,126,44.38999939,164.7299957,38.61000061,11.51500034,68.12000275
7/7/2015,125.6900024,44.29999924,165,38.22999954,11.41100025,67.76999664
7/8/2015,122.5699997,44.24000168,163.1600037,37.22999954,11.42000008,66.73000336
7/9/2015,120.0699997,44.52000046,163.8500061,37.61000061,11.47999954,67.05000305
7/10/2015,123.2799988,44.61000061,166.9499969,37.91999817,11.47099972,68.41999817
7/13/2015,125.6600037,45.54000092,169.3800049,38.75999832,11.43200016,69.51999664
7/14/2015,125.6100006,45.61999893,168.6100006,38.63000107,11.39999962,70.09999847
7/15/2015,126.8199997,45.75999832,168.5299988,38.38000107,11.32999992,70.01999664
7/16/2015,128.5099945,46.65999985,171,38.90999985,11.32900047,70.56999969
7/17/2015,129.6199951,46.61999893,172.5099945,39.68000031,11.22999954,70.87999725
7/20/2015,132.0700073,46.91999817,173.2200012,39.54000092,10.84000015,72.69999695
7/21/2015,130.75,47.27999878,163.0700073,39.72999954,10.80000019,72.01999664
7/22/2015,125.2200012,45.54000092,160.3500061,39.24000168,10.73999977,71.97000122
7/23/2015,125.1600037,46.11000061,161.7299957,39.20999908,10.68000031,71.75
7/24/2015,124.5,45.93999863,159.75,38.84999847,10.75,74.80000305
7/27/2015,122.7699966,45.34999847,159.0700073,37.83499908,10.72999954,73.86000061
7/28/2015,123.3799973,45.34000015,160.0500031,37.72000122,10.77000046,74.73999786
7/29/2015,122.9899979,46.29000092,161.0899963,37.66999817,10.77000046,76.01000214
7/30/2015,122.3700027,46.88000107,160.9600067,37.41999817,10.68200016,76.37999725
7/31/2015,121.3000031,46.70000076,161.9900055,36.66999817,10.80000019,75.33999634
8/3/2015,118.4400024,46.81000137,158.7100067,36.68999863,10.71000004,75.76999664
8/4/2015,114.6399994,47.54000092,157.6000061,37.11999893,10.67000008,75.26999664
8/5/2015,115.4000015,47.58000183,157.8999939,37.25,10.64999962,74.98000336
8/6/2015,115.1299973,46.61999893,156.3200073,36.45999908,10.72999954,73.58000183
8/7/2015,115.5199966,46.74000168,155.1199951,36.66999817,10.75500011,74.20999908
8/10/2015,119.7200012,47.33000183,156.75,37.15000153,10.83199978,74.37999725
8/11/2015,113.4899979,46.40999985,155.5099945,36.02999878,10.88000011,73.36000061
8/12/2015,115.2399979,46.74000168,156.1600037,34.49000168,11.01000023,73.54000092
8/13/2015,115.1500015,46.72999954,155.0700073,35.93000031,10.93999958,73.93000031
8/14/2015,115.9599991,47,155.75,36.24000168,10.93999958,74.22000122
8/17/2015,117.1600037,47.31999969,156.3099976,36.09500122,10.95899963,74.41000366
8/18/2015,116.5,47.27000046,156.0099945,35.68999863,10.93000031,74.47000122
8/19/2015,115.0100021,46.61000061,153.9400024,35.18999863,11.03999996,74.40000153
8/20/2015,112.6500015,45.65999985,152.6600037,34.09999847,11.06999969,73.94999695
8/21/2015,105.7600021,43.06999969,148.8500061,32.93000031,11.11800003,71.19000244
8/24/2015,103.1200027,41.68000031,143.4700012,31.30999947,11.03999996,68.36000061
8/25/2015,103.7399979,40.47000122,140.9600067,31.73999977,11.01000023,66.97000122
8/26/2015,109.6900024,42.70999908,146.6999969,32.52000046,10.93000031,70.69000244
8/27/2015,112.9199982,43.90000153,148.5399933,33.68999863,10.97000027,72.40000153
8/28/2015,113.2900009,43.93000031,147.9799957,33.13999939,11.01000023,72.45999908
8/31/2015,112.7600021,43.52000046,147.8899994,32.24000168,11.05000019,71.30000305
9/1/2015,107.7200012,41.81999969,142.6799927,31.60000038,11.03999996,68.95999908
9/2/2015,112.3399963,43.36000061,145.0500031,31.77000046,11.0539999,69.62000275
9/3/2015,110.3700027,43.5,146.7799988,32.54000092,11.01000023,70.40000153
9/4/2015,109.2699966,42.61000061,143.6999969,31.57999992,10.96000004,69.16000366
9/8/2015,112.3099976,43.88999939,147.2299957,30.89999962,11,70.52999878
9/9/2015,110.1500015,43.06999969,145.0500031,31.52000046,10.89000034,69.59999847
9/10/2015,112.5699997,43.29000092,146.1999969,31.14999962,10.89999962,70.23000336
9/11/2015,114.2099991,43.47999954,147.3699951,31.43000031,10.90999985,70.76000214
9/14/2015,115.3099976,43.04000092,145.6499939,30.31999969,10.91899967,70.01000214
9/15/2015,116.2799988,43.97999954,147.5299988,31.04000092,10.89999962,70.51000214
9/16/2015,116.4100037,44.29999924,148.4100037,31.39999962,10.99300003,70.98999786
9/17/2015,113.9199982,44.25,148.1399994,30.93000031,11.10999966,70.95999908
9/18/2015,113.4499969,43.47999954,144.5099945,30.73999977,11.05000019,69.79000092
9/21/2015,115.2099991,44.11000061,146.4799957,31.17000008,11.03999996,70.77999878
9/22/2015,113.4000015,43.90000153,144.4299927,30.39999962,10.93000031,70.25
9/23/2015,114.3199997,43.86999893,143.6600037,29.73999977,11.01900005,70.94999695
9/24/2015,115,43.90999985,144.4100037,29.34000015,11.11999989,70.23999786
9/25/2015,114.7099991,43.93999863,145.4199982,29.12999916,11.13599968,70.69000244
9/28/2015,112.4400024,43.29000092,142.5200043,27.60000038,11.03999996,67.19999695
9/29/2015,109.0599976,43.43999863,142.4700012,28.26000023,11,68.52999878
9/30/2015,110.3000031,44.25999832,144.9700012,28.90999985,10.90999985,69.66000366
10/1/2015,109.5800018,44.61000061,143.5899963,28.90999985,10.90200043,69.98999786
10/2/2015,110.3799973,45.56999969,144.5800018,30.70999908,11.14000034,70.66999817
10/5/2015,110.7799988,46.63000107,149.0399933,30.85000038,11.06900024,72.23000336
10/6/2015,111.3099976,46.75,148.7799988,30.95499992,11.18099976,72.08000183
10/7/2015,110.7799988,46.79999924,150.0899963,31.87000084,11.18999958,73.22000122
10/8/2015,109.5,47.45000076,152.2799988,32.36999893,11.14999962,73.90000153
10/9/2015,112.1200027,47.11000061,152.3899994,32.52000046,11.25599957,73.98000336
10/12/2015,111.5999985,47,151.1399994,32.86000061,11.25,74.98999786
10/13/2015,111.7900009,46.88999939,149.6199951,32.34000015,11.31000042,75
10/14/2015,110.2099991,46.68000031,150.0099945,32.09000015,11.42000008,74.19999695
10/15/2015,111.8600006,47.00999832,150.0899963,33.47999954,11.38099957,75.33999634
10/16/2015,111.0400009,47.50999832,150.3899994,33.36999893,11.39000034,76
10/19/2015,111.7300034,47.61999893,149.2200012,33.5,11.30000019,76.98999786
10/20/2015,113.7699966,47.77000046,140.6399994,32.83000183,11.28999996,76.27999878
10/21/2015,113.7600021,47.20000076,140.9199982,31.12000084,11.27400017,75.45999908
10/22/2015,115.5,48.02999878,144.0899963,31.67000008,11.28800011,76.41999817
10/23/2015,119.0800018,52.86999893,144.6799927,33.16999817,11.25,77.06999969
10/26/2015,115.2799988,54.25,143.6600037,33.40000153,11.2510004,78.18000031
10/27/2015,114.5500031,53.68999863,137.8600006,34.29999924,11.31000042,77.51999664
10/28/2015,119.2699966,53.97999954,140.8300018,35.18500137,11.19999981,78.87000275
10/29/2015,120.5299988,53.36000061,140.5500031,35.04999924,11.18999958,78.51000214
10/30/2015,119.5,52.63999939,140.0800018,35.61999893,11.10999966,77.58000183
11/2/2015,121.1800003,53.24000168,140.3699951,35.27000046,11.13700008,75.22000122
11/3/2015,122.5699997,54.15000153,141.8800049,34.72000122,11.01000023,77.90000153
11/4/2015,122,54.40000153,141.6300049,35.06999969,10.85999966,78.34999847
11/5/2015,120.9199982,54.38000107,139.8899994,35.11999893,10.81000042,79.26000214
11/6/2015,121.0599976,54.91999817,138.25,34.20000076,10.67000008,78.75
11/9/2015,120.5699997,54.15999985,135.3099976,33.68000031,10.64999962,78.04000092
11/10/2015,116.7699966,53.50999832,135.4700012,33.99000168,10.72000027,79.48000336
11/11/2015,116.1100006,53.65000153,135.0200043,33.38000107,10.71000004,79.18000031
11/12/2015,115.7200012,53.31999969,133.0399933,33.22999954,10.60000038,78.30999756
11/13/2015,112.3399963,52.84000015,131.75,32.18999863,10.57299995,78.11000061
11/16/2015,114.1800003,53.77000046,133.7100067,32.94499969,10.60000038,78.90000153
11/17/2015,113.6900024,52.97000122,133.8200073,32.86000061,10.52000046,78.83000183
11/18/2015,117.2900009,53.84999847,135.8200073,32.97999954,10.41699982,80.45999908
11/19/2015,118.7799988,53.93999863,136.7400055,32.625,10.47000027,80.15000153
11/20/2015,119.3000031,54.18999863,138.5,33.11000061,10.44999981,80.19000244
11/23/2015,117.75,54.18999863,138.4600067,33.36000061,10.38899994,80.11000061
11/24/2015,118.8799973,54.25,138.6000061,32.95999908,10.43999958,79.79000092
11/25/2015,118.0299988,53.68999863,138,33.15999985,10.39299965,79.55999756
11/27/2015,117.8099976,53.93000031,138.4600067,32.93999863,10.26000023,79.83999634
11/30/2015,118.3000031,54.34999847,139.4199982,33.81000137,10.34000015,79.01000214
12/1/2015,117.3399963,55.22000122,141.2799988,33.70999908,10.39000034,79.91000366
12/2/2015,116.2799988,55.20999908,139.6999969,35.65000153,10.22999954,79.04000092
12/3/2015,115.1999969,54.20000076,138.9199982,34.34000015,10.31799984,78.29000092
12/4/2015,119.0299988,55.90999985,140.4299927,34.90999985,10.55099964,80.40000153
12/7/2015,118.2799988,55.81000137,139.5500031,34.68000031,10.44999981,79.55000305
12/8/2015,118.2300034,55.79000092,138.0500031,34.84999847,10.39999962,79.06999969
12/9/2015,115.6200027,54.97999954,136.6100006,34.40000153,10.43000031,77.87999725
12/10/2015,116.1699982,55.27000046,136.7799988,34.63000107,10.38000011,78.12000275
12/11/2015,113.1800003,54.06000137,134.5700073,32.90999985,10.39099979,76.11000061
12/14/2015,112.4800034,55.13999939,135.9299927,32.59000015,10.36999989,76.87000275
12/15/2015,110.4899979,55.20000076,137.7899933,33.02999878,10.31000042,78.62000275
12/16/2015,111.3399963,56.13000107,139.2899933,33.77999878,10.40999985,79.86000061
12/17/2015,108.9800034,55.70000076,136.75,33.22999954,10.22999954,78.69000244
12/18/2015,106.0299988,54.13000107,134.8999939,32.95000076,10.34899998,76.31999969
12/21/2015,107.3300018,54.83000183,135.5,32.96500015,10.43999958,77.16999817
12/22/2015,107.2300034,55.34999847,137.9299927,34.18999863,10.38099957,77.37999725
12/23/2015,108.6100006,55.81999969,138.5399933,34.45000076,10.34000015,78.55999756
12/24/2015,108.0299988,55.66999817,138.25,34.11000061,10.40999985,78.26000214
12/28/2015,106.8199997,55.95000076,137.6100006,33.59999847,10.34000015,78.52999878
12/29/2015,108.7399979,56.54999924,139.7799988,34.04000092,10.36999989,79.20999908
12/30/2015,107.3199997,56.31000137,139.3399963,33.36999893,10.28999996,78.34999847
12/31/2015,105.2600021,55.47999954,137.6199951,33.25999832,10.26000023,77.55000305
1/4/2016,105.3499985,54.79999924,135.9499969,31.39999962,10.39999962,75.69999695
1/5/2016,102.7099991,55.04999924,135.8500061,32.20000076,10.46700001,76.26999664
1/6/2016,100.6999969,54.04999924,135.1699982,32.15999985,10.56999969,75.26999664
1/7/2016,96.44999695,52.16999817,132.8600006,30.15999985,10.68000031,73.79000092
1/8/2016,96.95999908,52.33000183,131.6300049,30.62999916,10.64999962,72.87999725
1/11/2016,98.52999878,52.29999924,133.2299957,30.17000008,10.60000038,73.91999817
1/12/2016,99.95999908,52.77999878,132.8999939,30.69000053,10.53100014,74.76000214
1/13/2016,97.38999939,51.63999939,131.1699982,29.44000053,10.56400013,73.09999847
1/14/2016,99.51999664,53.11000061,132.9100037,30.31999969,10.47200012,73.80000305
1/15/2016,97.12999725,50.99000168,130.0299988,29.13999939,10.47900009,71.83000183
1/19/2016,96.66000366,50.56000137,128.1100006,29.73999977,10.47999954,71.38999939
1/20/2016,96.79000092,50.79000092,121.8600006,28.78000069,10.57999992,70.68000031
1/21/2016,96.30000305,50.47999954,122.9100037,29.30999947,10.57900047,71.55999756
1/22/2016,101.4199982,52.29000092,122.5,29.75,10.55599976,72.69999695
1/25/2016,99.44000244,51.79000092,122.0800018,29.78000069,10.64000034,71.73999786
1/26/2016,99.98999786,52.16999817,122.5899963,29.97999954,10.71000004,71.87999725
1/27/2016,93.41999817,51.22000122,120.9599991,29.69000053,10.69999981,70.91000366
1/28/2016,94.08999634,52.06000137,122.2200012,28.75,10.68999958,69.33000183
1/29/2016,97.33999634,55.09000015,124.7900009,29.51000023,10.69999981,74.48999786
2/1/2016,96.43000031,54.70999908,124.8300018,29.56999969,10.74300003,74.37999725
2/2/2016,94.48000336,53,122.9400024,29.05999947,10.72500038,73.40000153
2/3/2016,96.34999847,52.15999985,124.7200012,27.68000031,10.74199963,74.37999725
2/4/2016,96.59999847,52,127.6500015,29.14999962,10.84300041,73.68000031
2/5/2016,94.01999664,50.15999985,128.5700073,27.96999931,10.81999969,71.54000092
2/8/2016,95.01000214,49.40999985,126.9800034,27.04999924,10.78299999,67.76999664
2/9/2016,94.98999786,49.27999878,124.0699997,26.81999969,10.75,68.33000183
2/10/2016,94.26999664,49.70999908,120.1900024,27.10000038,10.81700039,70.15000153
2/11/2016,93.69999695,49.68999863,117.8499985,26.76000023,10.81999969,68.47000122
2/12/2016,93.98999786,50.5,121.0400009,27.04000092,10.77999973,70.41999817
2/16/2016,96.63999939,51.09000015,122.7399979,29.28000069,10.71000004,71.09999847
2/17/2016,98.12000275,52.41999817,126.0999985,29.37000084,10.77999973,72.02999878
2/18/2016,96.26000214,52.18999863,132.4499969,29.42000008,10.65999985,71.23999786
2/19/2016,96.04000092,51.81999969,133.0800018,30.04000092,10.63399982,71.52999878
2/22/2016,96.87999725,52.65000153,133.7700043,31.17000008,10.61999989,73.05999756
2/23/2016,94.69000244,51.18000031,132.3999939,30.67000008,10.65999985,72.15000153
2/24/2016,96.09999847,51.36000061,132.8000031,30.95000076,10.72999954,71.84999847
2/25/2016,96.76000214,52.09999847,134.5,31.36000061,10.76000023,73.26999664
2/26/2016,96.91000366,51.29999924,132.0299988,31.37000084,10.74499989,72.73000336
2/29/2016,96.69000244,50.88000107,131.0299988,31.79000092,10.80000019,72.38999939
3/1/2016,100.5299988,52.58000183,134.3699951,32.79999924,10.76599979,74.63999939
3/2/2016,100.75,52.95000076,136.3000031,32.90999985,10.80799961,74.30000305
3/3/2016,101.5,52.34999847,137.8000031,32.88000107,10.88599968,73.91000366
3/4/2016,103.0100021,52.02999878,137.8000031,33.86000061,10.9289999,73.90000153
3/7/2016,101.8700027,51.02999878,140.1499939,33.95999908,10.88000011,71.94000244
3/8/2016,101.0299988,51.65000153,139.0700073,32.93000031,10.97999954,70.62000275
3/9/2016,101.1200027,52.84000015,140.4100037,33.50999832,10.89900017,70.68000031
3/10/2016,101.1699982,52.04999924,140.1900024,32.81999969,10.98999977,70.22000122
3/11/2016,102.2600021,53.06999969,142.3600006,33.81000137,10.89000034,71.62999725
3/14/2016,102.5199966,53.16999817,142.7799988,33.58000183,10.75,71.48999786
3/15/2016,104.5800018,53.59000015,142.9600067,33.25999832,10.77999973,71.91000366
3/16/2016,105.9700012,54.34999847,144.7899933,34.00999832,10.97999954,72.37000275
3/17/2016,105.8000031,54.65999985,147.0399933,34.27500153,11.01000023,73.13999939
3/18/2016,105.9199982,53.49000168,147.0899963,35.16999817,10.73999977,73.77999878
3/21/2016,105.9100037,53.86000061,148.6300049,35.47000122,10.64000034,73.76999664
3/22/2016,106.7200012,54.06999969,148.1000061,35.40999985,10.71000004,72.95999908
3/23/2016,106.1299973,53.97000122,145.3999939,34.79999924,10.52499962,73.91000366
3/24/2016,105.6699982,54.20999908,147.9499969,34.86000061,10.47999954,74.13999939
3/28/2016,105.1900024,53.54000092,148.3999939,35.22999954,10.51000023,74.08000183
3/29/2016,107.6800003,54.70999908,149.3300018,36.31999969,10.67000008,75.37999725
3/30/2016,109.5599976,55.04999924,148.4100037,36.56000137,10.56000042,76.77999878
3/31/2016,108.9899979,55.22999954,151.4499969,36.81000137,10.60999966,76.48000336
4/1/2016,109.9899979,55.56999969,152.5200043,36.47999954,10.55000019,77.58999634
4/4/2016,111.1200027,55.43000031,152.0700073,37.02000046,10.47000027,77.83000183
4/5/2016,109.8099976,54.56000137,150,36.40999985,10.56599998,76.97000122
4/6/2016,110.9599991,55.11999893,150.0200043,36.65999985,10.52999973,78.20999908
4/7/2016,108.5400009,54.45999908,148.25,36.16999817,10.64999962,77.58000183
4/8/2016,108.6600037,54.41999817,149.3500061,36.06999969,10.64999962,78.02999878
4/11/2016,109.0199966,54.31000137,149.25,36.47999954,10.75,77.81999969
4/12/2016,110.4400024,54.65000153,149.6300049,36.65999985,10.75,78.51999664
4/13/2016,112.0400009,55.34999847,151.2299957,37.31000137,10.69999981,79.70999908
4/14/2016,112.0999985,55.36000061,151.1600037,37.16999817,10.60999966,80.33000183
4/15/2016,109.8499985,55.65000153,151.7200012,36.50999832,10.68000031,80.08000183
4/18/2016,107.4800034,56.45999908,152.5299988,36.52000046,10.52000046,81.44999695
4/19/2016,106.9100037,56.38999939,144,36.33000183,10.60999966,80.75
4/20/2016,107.1299973,55.59000015,146.1100006,37.84000015,10.59000015,81.15000153
4/21/2016,105.9700012,55.77999878,149.3000031,37.66999817,10.6239996,80.79000092
4/22/2016,105.6800003,51.77999878,148.5,37.47999954,10.56000042,79.11000061
4/25/2016,105.0800018,52.11000061,148.8099976,37.22999954,10.59000015,78.13999939
4/26/2016,104.3499985,51.43999863,149.0800018,37.11000061,10.61999989,78.52999878
4/27/2016,97.81999969,50.93999863,150.4700012,36.95000076,10.61999989,78.76000214
4/28/2016,94.83000183,49.90000153,147.0700073,36.59000015,10.72999954,77.68000031
4/29/2016,93.73999786,49.86999893,145.9400024,36.59999847,10.78999996,77.23999786
5/2/2016,93.63999939,50.61000061,145.2700043,36.52999878,10.80000019,78.45999908
5/3/2016,95.18000031,49.77999878,144.1300049,36.00999832,10.80000019,77.19000244
5/4/2016,94.19000244,49.86999893,144.25,36,10.78199959,77.06999969
5/5/2016,93.23999786,49.93999863,146.4700012,36.93999863,10.77000046,77.36000061
5/6/2016,92.72000122,50.38999939,147.2899933,37.22999954,10.84000015,77.72000122
5/9/2016,92.79000092,50.06999969,147.3399963,37.18000031,10.77000046,78.22000122
5/10/2016,93.41999817,51.02000046,149.9700012,37.43999863,10.77999973,79.19999695
5/11/2016,92.51000214,51.04999924,148.9499969,37.36999893,10.82999992,77.30000305
5/12/2016,90.33999634,51.50999832,148.8399963,37.02999878,10.80000019,77.88999939
5/13/2016,90.51999664,51.08000183,147.7200012,36.47999954,10.85000038,76.83000183
5/16/2016,93.87999725,51.83000183,149.4600067,37.47999954,10.85999966,77.80000305
5/17/2016,93.48999786,50.50999832,148,37.27000046,10.89999962,76.79000092
5/18/2016,94.55999756,50.81000137,147.3399963,37.24000168,10.60000038,77.43000031
5/19/2016,94.19999695,50.31999969,144.9299927,37.02000046,10.53999996,76.87999725
5/20/2016,95.22000122,50.61999893,147.25,36.5,10.56000042,77.66999817
5/23/2016,96.43000031,50.02999878,146.7700043,36.65999985,10.51000023,77.20999908
5/24/2016,97.90000153,51.59000015,148.3099976,37.52999878,10.36999989,79.37999725
5/25/2016,99.62000275,52.11999893,151.6900024,35.59000015,10.34000015,79.05999756
5/26/2016,100.4100037,51.88999939,152.4400024,36.75999832,10.31000042,79
5/27/2016,100.3499985,52.31999969,152.8399963,37.81999969,10.25,79.66000366
5/31/2016,99.86000061,53,153.7400055,37.93999863,10.27999973,78.94000244
6/1/2016,98.45999908,52.84999847,152.5099945,36.65000153,10.22999954,79.22000122
6/2/2016,97.72000122,52.47999954,153.5,37.15000153,10.23999977,79.94999695
6/3/2016,97.91999817,51.79000092,152.8899994,36.59999847,10.46000004,79.94000244
6/6/2016,98.62999725,52.13000107,152.7299957,37.06999969,10.5,80.54000092
6/7/2016,99.02999878,52.09999847,153.3300018,36.72999954,10.48799992,80.59999847
6/8/2016,98.94000244,52.04000092,154,36.97000122,10.60999966,81.65000153
6/9/2016,99.65000153,51.61999893,153.4199982,37.34999847,10.65999985,81.26000214
6/10/2016,98.83000183,51.47999954,152.3699951,36.83000183,10.68000031,80.18000031
6/13/2016,97.33999634,50.13999939,151.2799988,36.47000122,10.73499966,78.40000153
6/14/2016,97.45999908,49.83000183,151.0599976,37.40000153,10.73200035,78.56999969
6/15/2016,97.13999939,49.68999863,150.6799927,37.31999969,10.77999973,78.16999817
6/16/2016,97.55000305,50.38999939,151.0599976,37.38999939,10.72999954,78.34999847
6/17/2016,95.33000183,50.13000107,151.9900055,36.93999863,10.81000042,76.98999786
6/20/2016,95.09999847,50.06999969,153.6100006,37.29000092,10.68000031,77.33999634
6/21/2016,95.91000366,51.18999863,154.0500031,37.40000153,10.55000019,77.33000183
6/22/2016,95.55000305,50.99000168,152.9199982,37.36000061,10.53999996,76.52999878
6/23/2016,96.09999847,51.90999985,155.3500061,37.77999878,10.52000046,78.23000336
6/24/2016,93.40000153,49.83000183,146.5899963,36.24000168,10.77999973,75.05000305
6/27/2016,92.04000092,48.43000031,143.5,35.22000122,10.78999996,73.33999634
6/28/2016,93.58999634,49.43999863,145.6999969,36.04000092,10.78999996,75.16000366
6/29/2016,94.40000153,50.54000092,148.4600067,36.86000061,10.80000019,76.73999786
6/30/2016,95.59999847,51.16999817,151.7799988,37.56000137,10.82999992,74.16999817
7/1/2016,95.88999939,51.15999985,152.3500061,37.99000168,10.86999989,74.48000336
7/5/2016,94.98999786,51.16999817,151.6799927,37.5,10.8920002,74.66999817
7/6/2016,95.52999878,51.38000107,152.3699951,37.50999832,10.89000034,74.05999756
7/7/2016,95.94000244,51.38000107,152.6000061,37.52000046,10.85999966,74.51000214
7/8/2016,96.68000031,52.29999924,154.4600067,37.74000168,10.89000034,76.41999817
7/11/2016,96.98000336,52.59000015,155.3300018,37.95999908,10.86400032,76.51999664
7/12/2016,97.41999817,53.20999908,157.0399933,37.88999939,10.81000042,77.48000336
7/13/2016,96.87000275,53.50999832,158.0200043,37.63999939,10.81000042,77.45999908
7/14/2016,98.79000092,53.74000168,160.2799988,37.95999908,10.77000046,78.13999939
7/15/2016,98.77999878,53.70000076,159.7799988,37.72000122,10.73999977,78.30000305
7/18/2016,99.83000183,53.95999908,159.8600006,37.95000076,10.57999992,78.30999756
7/19/2016,99.87000275,53.09000015,159.5800018,38.16999817,10.63000011,78.72000122
7/20/2016,99.95999908,55.90999985,161.3600006,38.90000153,10.48999977,79.36000061
7/21/2016,99.43000031,55.79999924,160.4499969,38.84999847,10.60000038,78.79000092
7/22/2016,98.66000366,56.56999969,162.0700073,39.38000107,10.52999973,79.91000366
7/25/2016,97.33999634,56.72999954,162.6499939,38.31999969,10.46000004,78.94000244
7/26/2016,96.66999817,56.75999832,162.1199951,38.75999832,10.52000046,78.48999786
7/27/2016,102.9499969,56.18999863,161.8300018,38.65999985,10.625,78.52999878
7/28/2016,104.3399963,56.20999908,161.3699951,38.52000046,10.63000011,79.19000244
7/29/2016,104.2099991,56.68000031,160.6199951,38.18999863,10.71000004,78.05000305
8/1/2016,106.0500031,56.58000183,161.4499969,38.79999924,10.77999973,78.26000214
8/2/2016,104.4800034,56.58000183,160.5800018,38.56999969,10.82999992,78.27999878
8/3/2016,105.7900009,56.97000122,160.6699982,38.38999939,10.81999969,78.70999908
8/4/2016,105.8700027,57.38999939,161.5500031,38.91999817,10.81499958,79.48000336
8/5/2016,107.4800034,57.95999908,163.5,38.99000168,10.67000008,80.13999939
8/8/2016,108.3700027,58.06000137,162.0399933,39.24000168,10.65999985,79.94999695
8/9/2016,108.8099976,58.20000076,161.7700043,39.24000168,10.75,80.05999756
8/10/2016,108,58.02000046,162.0800018,39.93000031,10.75,79.68000031
8/11/2016,107.9300003,58.29999924,163.5299988,41.27000046,10.68000031,80.12000275
8/12/2016,108.1800003,57.93999863,161.9499969,42.93999863,10.68000031,80.01999664
8/15/2016,109.4800034,58.11999893,161.8800049,42.66999817,10.71800041,80.91000366
8/16/2016,109.3799973,57.43999863,160.6999969,42.49000168,10.77000046,80.80999756
8/17/2016,109.2200012,57.56000137,160.4400024,42.70000076,10.69999981,80.83999634
8/18/2016,109.0800018,57.59999847,161.3600006,42.90000153,10.57999992,80.26999664
8/19/2016,109.3600006,57.61999893,160.0399933,43.02000046,10.59000015,80.47000122
8/22/2016,108.5100021,57.66999817,160,42.52000046,10.51000023,81.05999756
8/23/2016,108.8499985,57.88999939,160.2599945,42.59999847,10.56999969,80.80000305
8/24/2016,108.0299988,57.95000076,159.0500031,41.90999985,10.43000031,80.29000092
8/25/2016,107.5699997,58.16999817,158.6300049,42.02999878,10.40999985,80.31999969
8/26/2016,106.9400024,58.02999878,158.3200073,42.27000046,10.43999958,80.56999969
8/29/2016,106.8199997,58.09999847,159.7200012,42.25999832,10.43000031,80.87000275
8/30/2016,106,57.88999939,159.3999939,42.58000183,10.33399963,81.16999817
8/31/2016,106.0999985,57.45999908,158.8800049,42.75,10.34000015,80.90000153
9/1/2016,106.7300034,57.59000015,159.5399933,42.93000031,10.35000038,81.30000305
9/2/2016,107.7300034,57.66999817,159.5500031,43.27999878,10.46000004,82
9/6/2016,107.6999969,57.61000061,160.3500061,44.70999908,10.63000011,82.52999878
9/7/2016,108.3600006,57.65999985,161.6399994,44.34999847,10.60000038,83.23999786
9/8/2016,105.5199966,57.43000031,159,44.36000061,10.55599976,82.97000122
9/9/2016,103.1299973,56.20999908,155.6900024,42.91999817,10.51000023,81.33000183
9/12/2016,105.4400024,57.04999924,158.2899933,43.45999908,10.47999954,82.97000122
9/13/2016,107.9499969,56.52999878,155.8099976,43.04000092,10.43000031,81.88999939
9/14/2016,111.7699966,56.25999832,154.0500031,43.45999908,10.44999981,81.48999786
9/15/2016,115.5699997,57.18999863,155.6600037,43.99000168,10.43999958,82.01000214
9/16/2016,114.9199982,57.25,153.8399963,43.66999817,10.39000034,82.06999969
9/19/2016,113.5800018,56.93000031,154.8699951,43.18999863,10.34000015,82.51000214
9/20/2016,113.5699997,56.81000137,154.4499969,42.79000092,10.34300041,82.48000336
9/21/2016,113.5500031,57.75999832,155.5299988,44.13999939,10.46500015,83.22000122
9/22/2016,114.6200027,57.81999969,156.1100006,44.15000153,10.50399971,83.36000061
9/23/2016,112.7099991,57.43000031,154.9799957,42.79999924,10.51000023,82.54000092
9/26/2016,112.8799973,56.90000153,153.9799957,42.29000092,10.48900032,81.80999756
9/27/2016,113.0899963,57.95000076,156.7700043,43.36999893,10.45499992,82.16000366
9/28/2016,113.9499969,58.02999878,158.2899933,43.68999863,10.43000031,82.97000122
9/29/2016,112.1800003,57.40000153,158.1100006,42.56999969,10.42000008,81.91999817
9/30/2016,113.0500031,57.59999847,158.8500061,43.09999847,10.39999962,82.69999695
10/3/2016,112.5199966,57.41999817,157.6100006,43.13000107,10.35000038,82.86000061
10/4/2016,113,57.24000168,156.4600067,43.18000031,10.03999996,82.73000336
10/5/2016,113.0500031,57.63999939,157.0800018,43.70999908,9.987999916,83.34999847
10/6/2016,113.8899994,57.74000168,156.8800049,43.68000031,9.881999969,83.36000061
10/7/2016,114.0599976,57.79999924,155.6699982,43.22000122,9.909999847,82.87999725
10/10/2016,116.0500031,58.04000092,157.0200043,43.91999817,9.960000038,83.12000275
10/11/2016,116.3000031,57.18999863,154.7899933,42.68000031,9.930000305,82.04000092
10/12/2016,117.3399963,57.11000061,154.2899933,42.36000061,9.930000305,82.25
10/13/2016,116.9800034,56.91999817,153.7200012,41.61999893,9.979999542,81.87000275
10/14/2016,117.6299973,57.41999817,154.4499969,41.43999863,9.916999817,82.44999695
10/17/2016,117.5500031,57.22000122,154.7700043,41.79000092,9.93900013,82.15000153
10/18/2016,117.4700012,57.65999985,150.7200012,41.68000031,9.871999741,81.58000183
10/19/2016,117.1200027,57.52999878,151.2599945,42.72999954,9.920000076,82.80999756
10/20/2016,117.0599976,57.25,151.5200043,42.38000107,9.890000343,82.5
10/21/2016,116.5999985,59.65999985,149.6300049,42.16999817,9.899999619,82.34999847
10/24/2016,117.6500015,61,150.5700073,42.59000015,9.890000343,83.16999817
10/25/2016,118.25,60.99000168,150.8800049,42.54999924,9.930000305,82.02999878
10/26/2016,115.5899963,60.63000107,151.8099976,42.08000183,9.890000343,81.75
10/27/2016,114.4800034,60.09999847,153.3500061,41.86999893,9.901000023,81.91999817
10/28/2016,113.7200012,59.86999893,152.6100006,41.77999878,9.956999779,82.22000122
10/31/2016,113.5400009,59.91999817,153.6900024,41.54999924,9.93999958,82.51000214
11/1/2016,111.4899979,59.79999924,152.7899933,41.33000183,9.979999542,81.62000275
11/2/2016,111.5899963,59.43000031,151.9499969,40.68000031,10.04199982,80.58000183
11/3/2016,109.8300018,59.20999908,152.3699951,40.22999954,10,80.65000153
11/4/2016,108.8399963,58.70999908,152.4299927,40.27999878,10.02000046,80.36000061
11/7/2016,110.4100037,60.41999817,155.7200012,41.04999924,9.93999958,82.51000214
11/8/2016,111.0599976,60.47000122,155.1699982,41.15999985,9.909999847,82.87999725
11/9/2016,110.8799973,60.16999817,154.8099976,41.20999908,10.02999973,83.23999786
11/10/2016,107.7900009,58.70000076,160.2200012,40.15999985,9.845999718,81.87000275
11/11/2016,108.4300003,59.02000046,161.2700043,40.41999817,9.600000381,81.87999725
11/14/2016,105.7099991,58.11999893,158.2100067,39.29999924,9.550000191,78.37999725
11/15/2016,107.1100006,58.86999893,158.6699982,40.20999908,9.630000114,78.56999969
11/16/2016,109.9899979,59.65000153,159.2899933,40.97999954,9.640000343,80.08000183
11/17/2016,109.9499969,60.63999939,159.8000031,41.45000076,9.5,81.06999969
11/18/2016,110.0599976,60.34999847,160.3899994,41.18999863,9.449999809,80.81999969
11/21/2016,111.7300034,60.86000061,162.7700043,41.11000061,9.43999958,81.69000244
11/22/2016,111.8000031,61.11999893,162.6699982,41.00999832,9.470000267,79.93000031
11/23/2016,111.2300034,60.40000153,161.9799957,40.95999908,9.289999962,79.56999969
11/25/2016,111.7900009,60.52999878,163.1399994,40.86999893,9.210000038,80.12999725
11/28/2016,111.5699997,60.61000061,164.5200043,41.45000076,9.300999641,79.08000183
11/29/2016,111.4599991,61.09000015,163.5299988,41.59999847,9.270000458,79.15000153
11/30/2016,110.5199966,60.25999832,162.2200012,41.02000046,9.149999619,77.31999969
12/1/2016,109.4899979,59.20000076,159.8200073,39.63000107,9.119999886,75.43000031
12/2/2016,109.9000015,59.25,160.0200043,40.06999969,9.170000076,75.72000122
12/5/2016,109.1100006,60.22000122,159.8399963,40.20000076,9.100000381,77.30999756
12/6/2016,109.9499969,59.95000076,160.3500061,39.97000122,9.109999657,77.11000061
12/7/2016,111.0299988,61.36999893,164.7899933,40.52000046,9.109999657,79.30999756
12/8/2016,112.1200027,61.00999832,165.3600006,41.40999985,9.100000381,79.27999878
12/9/2016,113.9499969,61.97000122,166.5200043,41.75999832,9.039999962,79.13999939
12/12/2016,113.3000031,62.16999817,165.5,41.29999924,9.039999962,78.5
12/13/2016,115.1900024,62.97999954,168.2899933,41.47000122,9.039999962,79.19999695
12/14/2016,115.1900024,62.68000031,168.5099945,40.90999985,8.930000305,79.12999725
12/15/2016,115.8199997,62.58000183,168.0200043,38.40999985,8.850000381,79.5
12/16/2016,115.9700012,62.29999924,166.7299957,38.61000061,8.859999657,78.34999847
12/19/2016,116.6399994,63.61999893,166.6799927,38.41999817,8.869999886,78.09999847
12/20/2016,116.9499969,63.54000092,167.6000061,39.15999985,8.829999924,78.36000061
12/21/2016,117.0599976,63.54000092,167.3300018,39.15000153,8.81000042,78.13999939
12/22/2016,116.2900009,63.54999924,167.0599976,38.5,8.81000042,77.90000153
12/23/2016,116.5199966,63.24000168,166.7100067,38.65999985,8.81000042,78.15000153
12/27/2016,117.2600021,63.27999878,167.1399994,38.91999817,8.869999886,78.34999847
12/28/2016,116.7600021,62.99000168,166.1900024,38.72999954,8.909999847,78.30000305
12/29/2016,116.7300034,62.90000153,166.6000061,38.63999939,8.989999771,78.33000183
12/30/2016,115.8199997,62.13999939,165.9900055,38.66999817,8.93999958,78.01999664
1/3/2017,116.1500015,62.58000183,167.1900024,38.90000153,9.010000229,79.5
1/4/2017,116.0199966,62.29999924,169.2599945,40.06000137,9.069999695,80.15000153
1/5/2017,116.6100006,62.29999924,168.6999969,41.34000015,9.199999809,81.08999634
1/6/2017,117.9100037,62.84000015,169.5299988,41.22999954,9.149999619,82.20999908
1/9/2017,118.9899979,62.63999939,167.6499939,41.34000015,9.220000267,81.75
1/10/2017,119.1100006,62.61999893,165.5200043,42.29999924,9.220000267,81.30999756
1/11/2017,119.75,63.18999863,167.75,42.59000015,9.270000458,81.80000305
1/12/2017,119.25,62.61000061,167.9499969,42.11000061,9.300000191,81.37000275
1/13/2017,119.0400009,62.70000076,167.3399963,42.27000046,9.380000114,81.16999817
1/17/2017,120,62.52999878,167.8899994,41.99000168,9.430000305,81.26000214
1/18/2017,119.9899979,62.5,166.8000031,42.02999878,9.284999847,81.58999634
1/19/2017,119.7799988,62.29999924,166.8099976,42.09000015,9.350000381,81.73000336
1/20/2017,120,62.74000168,170.5500031,42.04999924,9.319999695,81.83999634
1/23/2017,120.0800018,62.95999908,171.0299988,42.40000153,9.359999657,82.15000153
1/24/2017,119.9700012,63.52000046,175.8999939,43.90000153,9.340000153,83.23000336
1/25/2017,121.8799973,63.68000031,178.2899933,44.93999863,9.300000191,83.90000153
1/26/2017,121.9400024,64.26999664,178.6600037,44.54999924,9.260000229,83.23999786
1/27/2017,121.9499969,65.77999878,177.3000031,44.41999817,9.229999542,83.76999664
1/30/2017,121.6299973,65.12999725,175.8000031,43.93000031,9.279999733,83.69999695
1/31/2017,121.3499985,64.65000153,174.5200043,44.06999969,9.369999886,82.70999908
2/1/2017,128.75,63.58000183,174.2899933,43.77999878,9.348999977,82.44000244
2/2/2017,128.5299988,63.16999817,174.5800018,43.68999863,9.350000381,82.30000305
2/3/2017,129.0800018,63.68000031,175.8200073,43.70999908,9.409000397,86.08000183
2/6/2017,130.2899933,63.63999939,175.8600006,44.41999817,9.460000038,85.83000183
2/7/2017,131.5299988,63.43000031,178.4600067,44.36999893,9.479999542,85.77999878
2/8/2017,132.0399933,63.34000015,176.1699982,45.06999969,9.510000229,85.08999634
2/9/2017,132.4199982,64.05999756,177.2100067,45.08000183,9.470000267,85.58000183
2/10/2017,132.1199951,64,178.6799927,45.02999878,9.470000267,85.90000153
2/13/2017,133.2899933,64.72000122,179.3600006,45.45999908,9.5,86.44000244
2/14/2017,135.0200043,64.56999969,180.1300049,45.02000046,9.451000214,86.84999847
2/15/2017,135.5099945,64.52999878,181.6799927,45.65000153,9.5,87.54000092
2/16/2017,135.3500061,64.51999664,181.4299927,45.15999985,9.550000191,87.41000366
2/17/2017,135.7200012,64.62000275,180.6699982,45.09999847,9.449999809,87.45999908
2/21/2017,136.6999969,64.48999786,180.2599945,45.5,9.470000267,87.91999817
2/22/2017,137.1100006,64.36000061,181.1499939,45.97999954,9.460000038,87.80000305
2/23/2017,136.5299988,64.62000275,181.6499939,45.40999985,9.529999733,88.18000031
2/24/2017,136.6600037,64.62000275,181.3500061,45.54999924,9.590000153,88.43000031
2/27/2017,136.9299927,64.23000336,179.3999939,45.70999908,9.550000191,88
2/28/2017,136.9900055,63.97999954,179.8200073,45.65999985,9.56000042,87.94000244
3/1/2017,139.7899933,64.94000244,181.9499969,46.24000168,9.550000191,88.98999786
3/2/2017,138.9600067,64.01000214,180.5299988,45.93999863,9.460000038,88.52999878
3/3/2017,139.7799988,64.25,180.0500031,45.90999985,9.460000038,88.79000092
3/6/2017,139.3399963,64.26999664,180.4700012,45.63999939,9.399999619,88.94000244
3/7/2017,139.5200043,64.40000153,180.3800049,45.72999954,9.319999695,89.05999756
3/8/2017,139,64.98999786,179.4499969,45.97999954,9.260000229,88.95999908
3/9/2017,138.6799927,64.73000336,177.1799927,45.93999863,9.18999958,89.11000061
3/10/2017,139.1399994,64.93000031,177.8300018,45.97999954,9.210000038,89.73000336
3/13/2017,139.1999969,64.70999908,176.4600067,46.56999969,9.18999958,90.11000061
3/14/2017,138.9900055,64.41000366,175.7200012,46.36999893,9.156000137,89.55000305
3/15/2017,140.4600067,64.75,175.8099976,46.29000092,9.329999924,89.91999817
3/16/2017,140.6900024,64.63999939,177.2400055,46.61000061,9.390000343,90.04000092
3/17/2017,139.9900055,64.87000275,175.6499939,46.59000015,9.399999619,90.23999786
3/20/2017,141.4600067,64.93000031,175.6999969,46.77000046,9.380000114,89.18000031
3/21/2017,139.8399963,64.20999908,173.8800049,45.77000046,9.43999958,88.05999756
3/22/2017,141.4199982,65.02999878,174.7799988,46.06000137,9.460000038,88.51999664
3/23/2017,140.9199982,64.87000275,174.8200073,46.59999847,9.460000038,88.86000061
3/24/2017,140.6399994,64.98000336,173.8300018,46.40000153,9.470000267,89.19000244
3/27/2017,140.8800049,65.09999847,173.7700043,46.40000153,9.579999924,88.94999695
3/28/2017,143.8000031,65.29000092,174.5099945,46.56999969,9.498999596,89.12000275
3/29/2017,144.1199951,65.47000122,173.9400024,46.77999878,9.517000198,89.18000031
3/30/2017,143.9299927,65.70999908,173.8600006,46.61999893,9.479999542,89.01000214
3/31/2017,143.6600037,65.86000061,174.1399994,46.40999985,9.460000038,88.87000275
4/3/2017,143.6999969,65.55000305,174.5,46.43000031,9.489999771,89.36000061
4/4/2017,144.7700043,65.73000336,174.5200043,46.22999954,9.529999733,88.77999878
4/5/2017,144.0200043,65.55999756,172.8800049,46.38000107,9.510000229,89.02999878
4/6/2017,143.6600037,65.73000336,172.4499969,46.27999878,9.510000229,89.08999634
4/7/2017,143.3399963,65.68000031,172.1399994,46.43999863,9.510000229,88.73999786
4/10/2017,143.1699982,65.52999878,171.1999969,47.20999908,9.519000053,88.86000061
4/11/2017,141.6300049,65.48000336,170.5800018,46.79000092,9.619999886,88.84999847
4/12/2017,141.8000031,65.23000336,170.6600037,46.83000183,9.630000114,88.68000031
4/13/2017,141.0500031,64.94999695,169.5299988,46.90000153,9.640000343,88.87000275
4/17/2017,141.8300018,65.48000336,171.1000061,47.38999939,9.649999619,89.80999756
4/18/2017,141.1999969,65.38999939,170.0500031,47.56000137,9.678999901,89.73000336
4/19/2017,140.6799927,65.04000092,161.6900024,47,9.619999886,89.75
4/20/2017,142.4400024,65.5,162.3000031,47.66999817,9.640000343,91.15000153
4/21/2017,142.2700043,66.40000153,160.3800049,47.52000046,9.640000343,91.15000153
4/24/2017,143.6399994,67.52999878,160.75,48.15000153,9.619999886,91.84999847
4/25/2017,144.5299988,67.91999817,160.3899994,48.40000153,9.579999924,92.11000061
4/26/2017,143.6799927,67.83000183,160.0599976,48.25999832,9.619999886,91.81999969
4/27/2017,143.7899933,68.26999664,160.3200073,48.36000061,9.590000153,91.59999847
4/28/2017,143.6499939,68.45999908,160.2899933,48.20999908,9.590000153,91.22000122
5/1/2017,146.5800018,69.41000366,158.8399963,48.61000061,9.489999771,91.26000214
5/2/2017,147.5099945,69.30000305,159.1000061,49.09000015,9.510000229,92.54000092
5/3/2017,147.0599976,69.08000183,158.6300049,48.54000092,9.409999847,92.44000244
5/4/2017,146.5299988,68.80999756,159.0500031,48.45000076,9.322999954,92.62000275
5/5/2017,148.9600067,69,155.0500031,48.49000168,9.338000298,92.08999634
5/8/2017,153.0099945,68.94000244,153.0299988,48.84999847,9.300000191,91.91999817
5/9/2017,153.9900055,69.04000092,152.1100006,49.49000168,9.260000229,92
5/10/2017,153.2599945,69.30999756,151.25,49.40000153,9.260000229,92.25
5/11/2017,153.9499969,68.45999908,150.6499939,49.68999863,9.289999962,92.09999847
5/12/2017,156.1000061,68.37999725,150.3699951,49.65000153,9.315999985,92.73000336
5/15/2017,155.6999969,68.43000031,151.5099945,49.86000061,9.329999924,93.23000336
5/16/2017,155.4700012,69.41000366,153.6799927,50.95999908,9.371999741,93.15000153
5/17/2017,150.25,67.48000336,150.9299927,49.65000153,9.489999771,91.76000214
5/18/2017,152.5399933,67.70999908,150.7799988,49.63000107,9.300000191,91.70999908
5/19/2017,153.0599976,67.69000244,151.9799957,50.18000031,9.350000381,92.48000336
5/22/2017,153.9900055,68.44999695,152.6399994,50.65000153,9.369999886,93.30999756
5/23/2017,153.8000031,68.68000031,152.0299988,50.31000137,9.350000381,93.86000061
5/24/2017,153.3399963,68.76999664,152.5099945,50.31999969,9.340000153,94.80999756
5/25/2017,153.8699951,69.62000275,153.1999969,50.59999847,9.359999657,95.04000092
5/26/2017,153.6100006,69.95999908,152.4900055,50.66999817,9.399999619,94.66999817
5/30/2017,153.6699982,70.41000366,151.7299957,50.56000137,9.420000076,94.72000122
5/31/2017,152.7599945,69.83999634,152.6300049,50.31999969,9.449999809,95.23000336
6/1/2017,153.1799927,70.09999847,152.6699982,50.65000153,9.43999958,95.40000153
6/2/2017,155.4499969,71.76000214,152.0500031,50.59999847,9.48900032,96.15000153
6/5/2017,153.9299927,72.27999878,152.4100037,50.59999847,9.5,96.55000305
6/6/2017,154.4499969,72.51999664,152.3699951,50.5,9.510000229,95.79000092
6/7/2017,155.3699951,72.38999939,150.9799957,50.54999924,9.5,96.08999634
6/8/2017,154.9900055,71.94999695,152.1000061,55.70999908,9.470000267,96.08999634
6/9/2017,148.9799957,70.31999969,154.1000061,54.02000046,9.430000305,94.55999756
6/12/2017,145.4199982,69.77999878,155.1799927,53.11999893,9.409999847,93.5
6/13/2017,146.5899963,70.65000153,154.25,52,9.380000114,95.08000183
6/14/2017,145.1600037,70.26999664,153.8099976,52.63000107,9.350000381,95.31999969
6/15/2017,144.2899933,69.90000153,154.2200012,52.58000183,9.329999924,94.16999817
6/16/2017,142.2700043,70,155.3800049,52.58000183,9.336999893,94.16999817
6/19/2017,146.3399963,70.87000275,154.8399963,54.45999908,9.25,94.79000092
6/20/2017,145.0099945,69.91000366,154.9499969,53.81000137,9.234999657,94.37999725
6/21/2017,145.8699951,70.26999664,153.7899933,55.09000015,9.244000435,94.54000092
6/22/2017,145.6300049,70.26000214,154.3999939,54.56000137,9.270000458,93.94999695
6/23/2017,146.2799988,71.20999908,154.1100006,54.72999954,9.340000153,95.58000183
6/26/2017,145.8200073,70.52999878,155.2299957,54.31000137,9.220000267,95.22000122
6/27/2017,143.7299957,69.20999908,154.75,53.63999939,9.270000458,94.90000153
6/28/2017,145.8300018,69.80000305,155.3200073,54.95000076,9.260000229,96.23000336
6/29/2017,143.6799927,68.48999786,154.1300049,54.29999924,9.220000267,94.41999817
6/30/2017,144.0200043,68.93000031,153.8300018,54.47999954,9.199999809,93.77999878
7/3/2017,143.5,68.16999817,155.5800018,54.45000076,9.050000191,93.34999847
7/5/2017,144.0899963,69.08000183,153.6699982,55.61999893,9.079999924,94.01000214
7/6/2017,142.7299957,68.56999969,152.3600006,54.52999878,9.079999924,93.25
7/7/2017,144.1799927,69.45999908,152.9400024,54.54999924,8.989999771,93.91999817
7/10/2017,145.0599976,69.98000336,153.4199982,54.79999924,9,95.08999634
7/11/2017,145.5299988,69.98999786,153.1900024,55.25,9.020000458,95.41000366
7/12/2017,145.7400055,71.15000153,153.6999969,56.34000015,9.050000191,96.18000031
7/13/2017,147.7700043,71.76999664,153.6300049,56.45999908,9.039999962,95.94000244
7/14/2017,149.0399933,72.77999878,154.2400055,57.22999954,9.090000153,96.93000031
7/17/2017,149.5599976,73.34999847,153.0099945,57.50999832,9.140000343,96.83000183
7/18/2017,150.0800018,73.30000305,154,58.47999954,9.119999886,97.58000183
7/19/2017,151.0200043,73.86000061,147.5299988,58.36000061,9.109999657,98.25
7/20/2017,150.3399963,74.22000122,147.6600037,58.45000076,9.130000114,98.11000061
7/21/2017,150.2700043,73.79000092,147.0800018,58.15999985,9.170000076,99.59999847
7/24/2017,152.0899963,73.59999847,145.9900055,58.15000153,9.170000076,100.3700027
7/25/2017,152.7400055,74.19000244,146.1900024,58.06999969,9.159999847,99.98999786
7/26/2017,153.4600067,74.05000305,145.3600006,58.90000153,9.190999985,100.8499985
7/27/2017,150.5599976,73.16000366,145.0700073,58.43000031,9.199999809,99.56999969
7/28/2017,149.5,73.04000092,144.2899933,59.20000076,9.229999542,99.15000153
7/31/2017,148.7299957,72.69999695,144.6699982,58.40000153,9.239999771,99.55999756
8/1/2017,150.0500031,72.58000183,145.3000031,58.5,9.239999771,100.8700027
8/2/2017,157.1399994,72.26000214,144.4499969,57.65999985,9.229999542,101.2799988
8/3/2017,155.5700073,72.15000153,144.9400024,58.15000153,9.229999542,100.5899963
8/4/2017,156.3899994,72.68000031,145.1600037,58.50999832,9.220000267,100.8899994
8/7/2017,158.8099976,72.40000153,143.4700012,60.02999878,9.229999542,101.4899979
8/8/2017,160.0800018,72.79000092,142.1100006,59.86000061,9.243000031,101.2799988
8/9/2017,161.0599976,72.47000122,141.7700043,59.77000046,9.260000229,100.9700012
8/10/2017,155.3200073,71.41000366,141.8399963,58.02999878,9.279999733,99.48999786
8/11/2017,157.4799957,72.5,141.8399963,57.91999817,9.289999962,100.0899963
8/14/2017,159.8500061,73.58999634,142.3200073,58.86999893,9.260000229,101.8700027
8/15/2017,161.6000061,73.22000122,142.0700073,59.99000168,9.220000267,102.6299973
8/16/2017,160.9499969,73.65000153,142.5,60.65000153,9.270000458,103.3199997
8/17/2017,157.8600006,72.40000153,140.6999969,62.20000076,9.300000191,102.1600037
8/18/2017,157.5,72.48999786,139.6999969,63.06999969,9.260000229,102.5100021
8/21/2017,157.2100067,72.15000153,140.3300018,63.59999847,9.279999733,103.2200012
8/22/2017,159.7799988,73.16000366,141.0099945,65.41999817,9.265000343,104.0699997
8/23/2017,159.9799957,72.72000122,142.1399994,65.81999969,9.289999962,103.1800003
8/24/2017,159.2700043,72.69000244,142.9400024,65.5,9.260000229,103.2200012
8/25/2017,159.8600006,72.81999969,143.7400055,64.51000214,9.289999962,103.3499985
8/28/2017,161.4700012,72.83000183,142.5099945,63.52999878,9.369999886,103.7799988
8/29/2017,162.9100037,73.05000305,143.1399994,63.16999817,9.359999657,103.7699966
8/30/2017,163.3500061,74.01000214,142.5599976,64.16000366,9.380000114,103.7300034
8/31/2017,164,74.76999664,143.0299988,64.08000183,9.409999847,103.5199966
9/1/2017,164.0500031,73.94000244,144.0800018,64.05000305,9.420000076,103.9000015
9/5/2017,162.0800018,73.61000061,143.0399933,63.86000061,9.456000328,103.0100021
9/6/2017,161.9100037,73.40000153,143.8200073,63.31999969,9.449999809,103.1800003
9/7/2017,161.2599945,74.33999634,142.8999939,64.01999664,9.460000038,104.5599976
9/8/2017,158.6300049,73.98000336,142.4499969,63.58000183,9.470000267,104.4300003
9/11/2017,161.5,74.76000214,144.8600006,65.13999939,9.409999847,106.1500015
9/12/2017,160.8600006,74.68000031,145.7599945,65.36000061,9.43999958,106.2099991
9/13/2017,159.6499939,75.20999908,145.9900055,66.51999664,9.399000168,105.8300018
9/14/2017,158.2799988,74.76999664,145.5399933,66.08000183,9.430000305,106.0800018
9/15/2017,159.8800049,75.30999756,144.8200073,66.41000366,9.399999619,105.3000031
9/18/2017,158.6699982,75.16000366,144.5500031,67.11000061,9.300000191,104.8300018
9/19/2017,158.7299957,75.44000244,144.3899994,67.43000031,9.239999771,105.4100037
9/20/2017,156.0700073,74.94000244,145.8800049,66.91999817,9.18999958,104.9700012
9/21/2017,153.3899994,74.20999908,145.2599945,66.58999634,9.130000114,105.3099976
9/22/2017,151.8899994,74.41000366,145.1300049,67.33999634,9.170000076,105.5599976
9/25/2017,150.5500031,73.26000214,145.8699951,64.95999908,9.270000458,103.0199966
9/26/2017,153.1399994,73.26000214,146.5599976,64.44999695,9.170000076,102.9400024
9/27/2017,154.2299957,73.84999847,145.6600037,65.80000305,9.079999924,103.8899994
9/28/2017,153.2799988,73.87000275,145.6600037,65.58000183,9.104999542,104.5800018
9/29/2017,154.1199951,74.48999786,145.0800018,66.23999786,9.069999695,105.2399979
10/2/2017,153.8099976,74.61000061,146.6600037,66.51000214,9,105.4400024
10/3/2017,154.4799957,74.26000214,146.7799988,67.80999756,9.010000229,105.5899963
10/4/2017,153.4799957,74.69000244,146.4799957,67.66000366,9.010000229,105.3099976
10/5/2017,155.3899994,75.97000122,146.7200012,67.72000122,8.949999809,106.2399979
10/6/2017,155.3000031,76,146.4799957,67.84999847,8.989999771,106.7300034
10/9/2017,155.8399963,76.29000092,147.3899994,68.73999786,9.06499958,107.0100021
10/10/2017,155.8999939,76.29000092,148.5,68.93000031,9.109999657,107.3099976
10/11/2017,156.5500031,76.41999817,147.6199951,69.22000122,9.12899971,108.4400024
10/12/2017,156,77.12000275,147.0299988,67.91000366,9.130000114,108.1100006
10/13/2017,156.9900055,77.48999786,147.1000061,67.51999664,9.199999809,108.6600037
10/16/2017,159.8800049,77.65000153,146.8300018,68.04000092,9.159999847,108.3000031
10/17/2017,160.4700012,77.58999634,146.5399933,66.77999878,9.109999657,107.5400009
10/18/2017,159.7599945,77.61000061,159.5299988,67.79000092,9.079999924,107.8000031
10/19/2017,155.9799957,77.91000366,160.8999939,67.44999695,9.019000053,107.0199966
10/20/2017,156.25,78.80999756,162.0700073,67.51000214,8.979999542,107.5500031
10/23/2017,156.1699982,78.83000183,159.5500031,66.51000214,8.970000267,107.5299988
10/24/2017,157.1000061,78.86000061,155.8800049,66.61000061,8.977999687,108.4100037
10/25/2017,156.4100037,78.62999725,153.5,65.40000153,8.970000267,109.4899979
10/26/2017,157.4100037,78.76000214,153.6000061,65.56999969,8.899999619,109.8000031
10/27/2017,163.0500031,83.80999756,153.6799927,67.51999664,8.920000076,109.7099991
10/30/2017,166.7200012,83.88999939,154.3600006,68.86000061,8.970000267,110.0400009
10/31/2017,169.0399933,83.18000031,154.0599976,70.12000275,8.909999847,109.9800034
11/1/2017,166.8899994,83.18000031,154.0299988,70.58999634,8.949999809,111.0699997
11/2/2017,168.1100006,84.05000305,153.3500061,70.51000214,8.960000038,110.9800034
11/3/2017,172.5,84.13999939,151.5800018,70.23000336,8.930000305,111.3600006
11/6/2017,174.25,84.47000122,150.8399963,71.70999908,8.989999771,111.9199982
11/7/2017,174.8099976,84.26999664,151.3500061,72.22000122,8.970000267,112.0899963
11/8/2017,176.2400055,84.55999756,151.5700073,71.16000366,9,112.4700012
11/9/2017,175.8800049,84.08999634,150.3000031,70.19000244,9.024999619,112.1399994
11/10/2017,174.6699982,83.87000275,149.1600037,70.55000305,8.94299984,111.8799973
11/13/2017,173.9700012,83.93000031,148.3999939,70.26999664,9.020000458,111.4000015
11/14/2017,171.3399963,84.05000305,148.8899994,69.51999664,9,111.9800034
11/15/2017,169.0800018,82.98000336,147.1000061,69.43000031,8.979999542,110.25
11/16/2017,171.1000061,83.19999695,149.1199951,70.75,9,111.0199966
11/17/2017,170.1499939,82.40000153,148.9700012,71.01999664,9.079999924,109.8199997
11/20/2017,169.9799957,82.52999878,150.5099945,71.94999695,8.909999847,109.9499969
11/21/2017,173.1399994,83.72000122,151.9499969,72.84999847,8.930000305,111.4499969
11/22/2017,174.9600067,83.11000061,151.7700043,72.59999847,9.020000458,110.8199997
11/24/2017,174.9700012,83.26000214,151.8399963,72.93000031,9.010000229,111.9700012
11/27/2017,174.0899963,83.87000275,151.9799957,72.06999969,9.032999992,112.3799973
11/28/2017,173.0700073,84.87999725,152.4700012,71.98000336,9.029999733,113.3600006
11/29/2017,169.4799957,83.33999634,153.5500031,70.36000061,8.972000122,109.8600006
11/30/2017,171.8500061,84.16999817,153.9700012,70.05999756,8.925000191,112.5899963
12/1/2017,171.0500031,84.26000214,154.7599945,70.09999847,8.93999958,110.7300034
12/4/2017,169.8000031,81.08000183,156.4600067,68.30999756,8.93900013,107.4300003
12/5/2017,169.6399994,81.58999634,155.3500061,68.12999725,8.840000153,108.5800018
12/6/2017,169.0099945,82.77999878,154.1000061,69.41000366,8.840000153,109.7399979
12/7/2017,169.3200073,82.48999786,153.5700073,70.22000122,8.704999924,111.4000015
12/8/2017,169.3699951,84.16000366,154.8099976,71.25,8.710000038,112.5999985
12/11/2017,172.6699982,85.23000336,155.4100037,71.52999878,8.659999847,112.3700027
12/12/2017,171.6999969,85.58000183,156.7400055,69.76999664,8.680000305,113.4599991
12/13/2017,172.2700043,85.34999847,153.9100037,71.23999786,8.741999626,113.3099976
12/14/2017,172.2200012,84.69000244,154,69.23000336,8.74600029,112.9199982
12/15/2017,173.9700012,86.84999847,152.5,70.29000092,8.76099968,113.8199997
12/18/2017,176.4199982,86.37999725,153.3300018,70.13999939,8.800000191,113.5500031
12/19/2017,174.5399933,85.83000183,153.2299957,70.20999908,8.779999733,112.1399994
12/20/2017,174.3500061,85.51999664,152.9499969,70.90000153,8.779999733,112.1200027
12/21/2017,175.0099945,85.5,151.5,71.58999634,8.800000191,112.4100037
12/22/2017,175.0099945,85.51000214,152.5,71.58000183,8.852000237,112.6900024
12/26/2017,170.5700073,85.40000153,152.8300018,69.86000061,8.920000076,112.9899979
12/27/2017,170.6000061,85.70999908,153.1300049,70.05999756,8.930000305,114.0199966
12/28/2017,171.0800018,85.72000122,154.0399933,69.81999969,8.970000267,114.3499985
12/29/2017,169.2299957,85.54000092,153.4199982,69.84999847,9.029999733,114.0199966
1/2/2018,172.2599945,85.94999695,154.25,73.12999725,9.079999924,114.5100021
1/3/2018,172.2299957,86.34999847,158.4900055,73.77999878,9.079999924,115.6500015
1/4/2018,173.0299988,87.11000061,161.6999969,74.56999969,9.100000381,116.0800018
1/5/2018,175,88.19000244,162.4900055,76.48999786,9.111000061,118.8600006
1/8/2018,174.3500061,88.27999878,163.4700012,76.48000336,9.119999886,119.3399963
1/9/2018,174.3300018,88.22000122,163.8300018,76.58999634,9.079999924,119.1100006
1/10/2018,174.2899933,87.81999969,164.1799927,76.51000214,9.138999939,118.9800034
1/11/2018,175.2799988,88.08000183,164.1999969,76.13999939,9.140000343,119.8399963
1/12/2018,177.0899963,89.59999847,163.1399994,75.84999847,9.199999809,120.0899963
1/16/2018,176.1900024,88.34999847,163.8500061,73.91999817,9.187000275,120.3899994
1/17/2018,179.1000061,90.13999939,168.6499939,74.13999939,9.159999847,121.9800034
1/18/2018,179.2599945,90.09999847,169.1199951,74.23000336,9.138999939,123.1100006
1/19/2018,178.4600067,90,162.3699951,74.36000061,9.157999992,122.6999969
1/22/2018,177,91.61000061,162.6000061,74.16000366,9.159999847,124.3300018
1/23/2018,177.0399933,91.90000153,166.25,76.56999969,9.199999809,124.6500015
1/24/2018,174.2200012,91.81999969,165.3699951,77.80999756,9.289999962,124.5500031
1/25/2018,171.1100006,92.33000183,165.4700012,78.58000183,9.289999962,125.2200012
1/26/2018,171.5099945,94.05999756,167.3399963,80.30000305,9.253000259,126.3199997
1/29/2018,167.9600067,93.91999817,166.8000031,79.33999634,9.220000267,124.8399963
1/30/2018,166.9700012,92.73999786,163.6199951,78.26999664,9.18999958,123.5500031
1/31/2018,167.4299927,95.01000214,163.6999969,79.87999725,9.229999542,124.2300034
2/1/2018,167.7799988,94.26000214,162.3999939,76.01000214,9.260000229,125.7200012
2/2/2018,160.5,91.77999878,159.0299988,74.40000153,9.170000076,120.9100037
2/5/2018,156.4900055,88,152.5299988,72.51000214,9.180999756,116.2699966
2/6/2018,163.0299988,91.33000183,155.3399963,73.52999878,9.090999603,119.9700012
2/7/2018,159.5399933,89.61000061,153.8500061,72.16000366,9.050000191,119.6500015
2/8/2018,155.1499939,85.01000214,147.5899963,69.15000153,9.06000042,113.8600006
2/9/2018,156.4100037,88.18000031,149.5099945,70.48000336,9.020999908,116.3199997
2/12/2018,162.7100067,89.12999725,151.3999939,71.09999847,9.100000381,118.4700012
2/13/2018,164.3399963,89.83000183,150.75,71.30999756,9.130000114,118.3499985
2/14/2018,167.3699951,90.80999756,154.7599945,73.66000366,9.270999908,120.8300018
2/15/2018,172.9900055,92.66000366,156.0099945,74.40000153,9.270000458,122.2799988
2/16/2018,172.4299927,92,156.1799927,73.51000214,9.270000458,121.8499985
2/20/2018,171.8500061,92.72000122,155.1600037,74.58999634,9.149999619,122.0100021
2/21/2018,171.0700073,91.48999786,153.9600067,75.11000061,9.090000153,120.4300003
2/22/2018,172.5,91.73000336,153.1799927,75.51999664,9.140000343,120.3799973
2/23/2018,175.5,94.05999756,155.5200043,77.76000214,9.130000114,122.9300003
2/26/2018,178.9700012,95.41999817,158.5800018,78.08000183,9.151000023,124.5899963
2/27/2018,178.3899994,94.19999695,156.5500031,76.12999725,9.06099987,123.3700027
2/28/2018,178.1199951,93.76999664,155.8300018,74.84999847,9.079999924,122.9400024
3/1/2018,175,92.84999847,153.8099976,73.73999786,9.039999962,120.4000015
3/2/2018,176.2100067,93.05000305,154.4900055,72.69000244,9.079999924,120.7699966
3/5/2018,176.8200073,93.63999939,156.9499969,73.44000244,9.069999695,121.8799973
3/6/2018,176.6699982,93.31999969,155.7200012,75.16999817,9.180000305,121.0599976
3/7/2018,175.0299988,93.86000061,158.3200073,75.98000336,9.112999916,121.8499985
3/8/2018,176.9400024,94.43000031,156.2100067,75.73000336,9.100000381,122.2200012
3/9/2018,179.9799957,96.54000092,159.3099976,76.62000275,9.100999832,124.5100021
3/12/2018,181.7200012,96.76999664,160.2599945,77.55999756,9.109999657,124.2399979
3/13/2018,179.9700012,94.41000366,159.3200073,75.97000122,9.119999886,123.1999969
3/14/2018,178.4400024,93.84999847,158.1199951,77.19999695,9.119999886,122.5800018
3/15/2018,178.6499939,94.18000031,159.6100006,79.41999817,9.100000381,123.4100037
3/16/2018,178.0200043,94.59999847,160.2599945,79.90000153,9.076000214,124.5299988
3/19/2018,175.3000031,92.88999939,157.3500061,77.83999634,9.085000038,123.2099991
3/20/2018,175.2400055,93.12999725,156.1999969,79.06999969,9.031000137,124.9100037
3/21/2018,171.2700043,92.48000336,156.6900024,78.06999969,9.170000076,123.2200012
3/22/2018,168.8500061,89.79000092,152.0899963,74.56999969,9.095000267,119.9899979
3/23/2018,164.9400024,87.18000031,148.8899994,73,9.18999958,117
3/26/2018,172.7700043,93.77999878,153.3699951,75.80999756,9.229999542,120.6399994
3/27/2018,168.3399963,89.47000122,151.9100037,73.02999878,9.210000038,117.4000015
3/28/2018,166.4799957,89.38999939,152.5200043,72.63999939,9.119999886,116.9899979
3/29/2018,167.7799988,91.26999664,153.4299927,74.04000092,9.100000381,119.6200027
4/2/2018,166.6799927,88.51999664,150.0700073,71.59999847,9.18999958,118.3899994
4/3/2018,168.3899994,89.70999908,149.8500061,70.52999878,9.140000343,119.1999969
4/4/2018,171.6100006,92.33000183,154.1199951,69.51999664,9.170000076,119.8099976
4/5/2018,172.8000031,92.37999725,154.0299988,69.37999725,9.109999657,121.1900024
4/6/2018,168.3800049,90.23000336,150.5700073,67.55000305,9.149999619,117.6999969
4/9/2018,170.0500031,90.76999664,152.6900024,68.44000244,9.170000076,118.7900009
4/10/2018,173.25,92.87999725,155.3899994,70.77999878,9.199999809,120.7200012
4/11/2018,172.4400024,91.86000061,155.3600006,70.55000305,9.229999542,119.7799988
4/12/2018,174.1399994,93.58000183,158.0700073,70.54000092,9.159999847,121.0699997
4/13/2018,174.7299957,93.08000183,156.7100067,69.29000092,9.215999603,120.75
4/16/2018,175.8200073,94.16999817,157.8899994,69.91999817,9.190999985,121.8799973
4/17/2018,178.2400055,96.06999969,160.9100037,71.08999634,9.229999542,123.8000031
4/18/2018,177.8399963,96.44000244,148.7899933,72.31999969,9.244999886,124.4800034
4/19/2018,172.8000031,96.11000061,147.6999969,72.01999664,9.18999958,123.9599991
4/20/2018,165.7200012,95,144.8999939,71.05999756,9.119999886,124.1999969
4/23/2018,165.2400055,95.34999847,145.8600006,69.88999939,9.07199955,124.4599991
4/24/2018,162.9400024,93.12000275,145.5599976,69.26000214,9.100000381,121.2699966
4/25/2018,163.6499939,92.30999756,145.9400024,68.26999664,9.06000042,121.2099991
4/26/2018,164.2200012,94.26000214,146.7200012,69.80000305,9.020000458,127.0800018
4/27/2018,162.3200073,95.81999969,146.4799957,69.73000336,9.090000153,126.0100021
4/30/2018,165.2599945,93.51999664,144.9600067,70.08000183,9.029999733,126.8799973
5/1/2018,169.1000061,95,145,69.88999939,8.960000038,127.5100021
5/2/2018,176.5700073,93.51000214,142.4499969,70.20999908,8.960000038,126.3799973
5/3/2018,176.8899994,94.06999969,141.9900055,70.37999725,9.010000229,127.1800003
5/4/2018,183.8300018,95.16000366,143.9100037,72.70999908,9,128.1600037
5/7/2018,185.1600037,96.22000122,143.2200012,75.33000183,9,129.2599945
5/8/2018,186.0500031,95.80999756,143,76.04000092,9.020000458,129.8999939
5/9/2018,187.3600006,96.94000244,142.6100006,75.93000031,8.989999771,130.8399963
5/10/2018,190.0399933,97.91000366,144.2400055,75.90000153,9.048000336,131
5/11/2018,188.5899963,97.69999695,144.1399994,75.66999817,9.039999962,131.8200073
5/14/2018,188.1499939,98.02999878,144.3000031,76.73999786,9.020000458,131.2100067
5/15/2018,186.4400024,97.31999969,143.7400055,76.44000244,8.866000175,131.1000061
5/16/2018,188.1799927,97.15000153,144.6300049,77.01999664,8.888999939,130.8899994
5/17/2018,186.9900055,96.18000031,144.5,76.5,8.880000114,129.9299927
5/18/2018,186.3099976,96.36000061,144.0800018,75.93000031,8.890000343,129.9299927
5/21/2018,187.6300049,97.59999847,145.4900055,77.01999664,8.812999725,130.6600037
5/22/2018,187.1600037,97.5,145.0899963,76.51000214,8.817000389,130.7100067
5/23/2018,188.3600006,98.66000366,144.6699982,76.44999695,8.81000042,131.8800049
5/24/2018,188.1499939,98.30999756,144.0700073,77.16999817,8.899999619,131.8899994
5/25/2018,188.5800018,98.36000061,143.6399994,77.43000031,8.880000114,131.2799988
5/29/2018,187.8999939,98.01000214,141.2200012,76.80000305,8.899000168,129.6900024
5/30/2018,187.5,98.94999695,142.6199951,77.02999878,8.859999657,130.6399994
5/31/2018,186.8699951,98.83999634,141.3099976,77.16000366,8.869999886,130.7200012
6/1/2018,190.2400055,100.7900009,141.9499969,78.98000336,8.840000153,130.8500061
6/4/2018,191.8300018,101.6699982,143.0399933,80.23999786,8.819999695,133.0700073
6/5/2018,193.3099976,102.1900024,143.6999969,80.34999847,8.850000381,133.5599976
6/6/2018,193.9799957,102.4899979,144.7100067,80.27999878,8.840000153,136.2799988
6/7/2018,193.4600067,100.8799973,145.3600006,79.75,8.840000153,133.8399963
6/8/2018,191.6999969,101.6299973,146.1399994,80.55000305,8.845000267,134.7400055
6/11/2018,191.2299957,101.0500031,146.5800018,80.69000244,8.850000381,133.9100037
6/12/2018,192.2799988,101.3099976,146.8699951,81.62000275,8.840000153,134.8600006
6/13/2018,190.6999969,100.8499985,146.3500061,80.83000183,8.869999886,134.3999939
6/14/2018,190.8000031,101.4199982,145.1999969,82.36000061,8.899000168,135
6/15/2018,188.8399963,100.1299973,145.3899994,81.45999908,8.75,135.1000061
6/18/2018,188.7400055,100.8600006,144.4799957,81.61000061,8.758999825,136.1999969
6/19/2018,185.6900024,100.8600006,143.8999939,80.16999817,8.68999958,135.1100006
6/20/2018,186.5,101.8700027,142.6300049,81.11000061,8.670000076,135.5
6/21/2018,185.4600067,101.1399994,141.25,79.62000275,8.637999535,134.5299988
6/22/2018,184.9199982,100.4100037,141.2799988,79.45999908,8.680000305,135.3300018
6/25/2018,182.1699982,98.38999939,138.7899933,75.45999908,8.619999886,130.9299927
6/26/2018,184.4299927,99.08000183,139.0800018,75.5,8.579999924,132.5500031
6/27/2018,184.1600037,97.54000092,137.4799957,73.12999725,8.532999992,131.0200043
6/28/2018,185.5,98.62999725,140.0399933,74.41000366,8.5,132.7400055
6/29/2018,185.1100006,98.61000061,139.6999969,73.20999908,8.529999733,132.4499969
7/2/2018,187.1799927,100.0100021,139.8600006,73.41000366,8.470000267,132.5
7/3/2018,183.9199982,99.05000305,139.5700073,72.79000092,8.550000191,131.4499969
7/5/2018,185.3999939,99.76000214,141.4299927,73.34999847,8.569999695,133.2899933
7/6/2018,187.9700012,101.1600037,142.4799957,75.36000061,8.553999901,134.0899963
7/9/2018,190.5800018,101.8499985,144.3899994,75.61000061,8.578000069,135.5200043
7/10/2018,190.3500061,102.1200027,144.7100067,75.97000122,8.56000042,136.6900024
7/11/2018,187.8800049,101.9800034,144.9400024,73.76000214,8.479999542,138.1499939
7/12/2018,191.0299988,104.1900024,146.4499969,74.61000061,8.479999542,139.8999939
7/13/2018,191.3300018,105.4300003,145.8999939,74.48000336,8.460000038,139.4199982
7/16/2018,190.9100037,104.9100037,145.4600067,74.66000366,8.43999958,138.4600067
7/17/2018,191.4499969,105.9499969,143.4900055,75.36000061,8.369999886,139.6399994
7/18/2018,190.3999939,105.1200027,144.5200043,74.66000366,8.369999886,140.8999939
7/19/2018,191.8800049,104.4000015,149.2400055,73.36000061,8.31000042,140.1300049
7/20/2018,191.4400024,106.2699966,146.3500061,73.26999664,8.359999657,140.9900055
7/23/2018,191.6100006,107.9700012,145.6999969,73.15000153,8.326999664,140.0299988
7/24/2018,193,107.6600037,146.3800049,74.15000153,8.31000042,140.0299988
7/25/2018,194.8200073,110.8300018,146.6199951,77.52999878,8.340000153,142.6399994
7/26/2018,194.2100067,109.6200027,146.7100067,76.19000244,8.291000366,142.5
7/27/2018,190.9799957,107.6800003,145.1499939,74.09999847,8.300000191,140.7100067
7/30/2018,189.9100037,105.3700027,145.4900055,72.38999939,8.289999962,136.4799957
7/31/2018,190.2899933,106.0800018,144.9299927,73.44999695,8.300000191,136.7400055
8/1/2018,201.5,106.2799988,143.5,73.18000031,8.25,138.25
8/2/2018,207.3899994,107.5699997,142.9600067,72.08999634,8.220999718,138.9199982
8/3/2018,207.9900055,108.0400009,147.6999969,71.58000183,8.239999771,139.8200073
8/6/2018,209.0700073,108.1299973,146.0299988,70.88999939,8.210000038,139.7100067
8/7/2018,207.1100006,108.8799973,147.0099945,71.5,8.220000267,140.2799988
8/8/2018,207.25,109.4899979,146.8899994,70.98999786,8.241000175,140.6799927
8/9/2018,208.8800049,109.6699982,144.7700043,70.48999786,8.220000267,140.0099945
8/10/2018,207.5299988,109,144.4799957,70.97000122,8.210000038,139.7299957
8/13/2018,208.8699951,108.2099991,142.7100067,70.19999695,8.133999825,140.2100067
8/14/2018,209.75,109.5599976,143.3600006,68.15000153,8.100000381,140.7599945
8/15/2018,210.2400055,107.6600037,143.9100037,67.04000092,8,139.9199982
8/16/2018,213.3200073,107.6399994,145.3399963,68.13999939,7.989999771,140.6499939
8/17/2018,217.5800018,107.5800018,146.0599976,68.16999817,8.06000042,141.3300018
8/20/2018,215.4600067,106.8700027,146.5099945,69.26000214,8.079999924,140.9400024
8/21/2018,215.0399933,105.9800034,145.9700012,70.25,8.130000114,140.0399933
8/22/2018,215.0500031,107.0599976,145.2400055,70.31999969,8.130000114,141.1399994
8/23/2018,215.4900055,107.5599976,145.3699951,68.22000122,8.06000042,142.1000061
8/24/2018,216.1600037,108.4000015,146.0399933,68.90000153,8.196000099,144.1999969
8/27/2018,217.9400024,109.5999985,146.6900024,70.83999634,8.220000267,145.3999939
8/28/2018,219.6999969,110.2600021,146.5899963,70.30000305,8.161000252,145.1999969
8/29/2018,222.9799957,112.0199966,147.5399933,70.43000031,8.18999958,147.0299988
8/30/2018,225.0299988,111.9499969,145.9299927,69.33000183,8.161000252,146.7400055
8/31/2018,227.6300049,112.3300018,146.4799957,69.55000305,8.154999733,146.8899994
9/4/2018,228.3600006,111.7099991,145.6799927,67.95999908,8.119999886,147.8000031
9/5/2018,226.8699951,108.4899979,146.6600037,65.65000153,8.140000343,142.6699982
9/6/2018,223.1000061,108.7399979,146.3899994,64.20999908,8.159999847,144.5
9/7/2018,221.3000031,108.2099991,145.4499969,64.81999969,8.131999969,143.1999969
9/10/2018,218.3300018,109.3799973,145.6499939,63.79999924,8.137000084,144.0800018
9/11/2018,223.8500061,111.2399979,146.4900055,64.29000092,8.130000114,145.4900055
9/12/2018,221.0700073,111.7099991,146.5700073,66.51999664,8.199999809,146.5700073
9/13/2018,226.4100037,112.9100037,148.9499969,67.98000336,8.18500042,147.6300049
9/14/2018,223.8399963,113.3700027,148.3300018,67.75,8.12100029,147.8399963
9/17/2018,217.8800049,112.1399994,147.9400024,65.90000153,8.164999962,146.1799927
9/18/2018,218.2400055,113.2099991,148.5599976,64.98000336,8.130000114,147.6300049
9/19/2018,218.3699951,111.6999969,149.0599976,67.08999634,8.149999619,147.4199982
9/20/2018,220.0299988,113.5699997,151.1499939,68.34999847,8.18999958,149.2400055
9/21/2018,217.6600037,114.2600021,151.3500061,67.93000031,8.119999886,150.0500031
9/24/2018,220.7899933,114.6699982,150.0299988,67.58999634,8.12100029,149.1100006
9/25/2018,222.1900024,114.4499969,148.9100037,67.86000061,8.130000114,149.5800018
9/26/2018,220.4199982,113.9800034,151.6100006,68.12999725,8.107000351,149.2700043
9/27/2018,224.9499969,114.4100037,151.5,68.48000336,8.034999847,150.0200043
9/28/2018,225.7400055,114.3700027,151.2100067,68.12000275,8.06000042,150.0899963
10/1/2018,227.2599945,115.6100006,153,67.23999786,8.06000042,150.7899933
10/2/2018,229.2799988,115.1500015,153.75,66.62999725,8.149999619,149.6699982
10/3/2018,232.0700073,115.1699982,153.2200012,67.25,8.140000343,149.3699951
10/4/2018,227.9900055,112.7900009,151.3099976,65.26000214,8.119999886,146.7599945
10/5/2018,224.2899933,112.1299973,149.0299988,64.58000183,8.147999763,145.3600006
10/8/2018,223.7700043,110.8499985,148.3899994,63.09000015,8.062000275,141.8899994
10/9/2018,226.8699951,112.2600021,147.2400055,61.52000046,8.06000042,142.3099976
10/10/2018,216.3600006,106.1600037,142.6900024,58.40999985,8.079999924,135.5200043
10/11/2018,214.4499969,105.9100037,139.0200043,59.93000031,8.234999657,133.7299957
10/12/2018,222.1100006,109.5699997,140.8500061,61.97999954,8.220000267,140.0599976
10/15/2018,217.3600006,107.5999985,141.1300049,60.93000031,8.260000229,137.2299957
10/16/2018,222.1499939,111,145.1199951,62.83000183,8.260000229,141.7400055
10/17/2018,221.1900024,110.7099991,134.0500031,62.18999863,8.260000229,142.4499969
10/18/2018,216.0200043,108.5,130.5500031,60.06000137,8.279999733,139.2899933
10/19/2018,219.3099976,108.6600037,129.1000061,60.38999939,8.229999542,140.0800018
10/22/2018,220.6499939,109.6299973,130.0200043,62.20000076,8.239999771,140.6399994
10/23/2018,222.7299957,108.0999985,131.2100067,61.34999847,8.239999771,139.1199951
10/24/2018,215.0899963,102.3199997,127.2099991,59.06999969,8.25,134.2599945
10/25/2018,219.8000031,108.3000031,126.4499969,60.74000168,8.260000229,140.5200043
10/26/2018,216.3000031,106.9599991,124.7900009,60.16999817,8.279999733,137.7400055
10/29/2018,212.2400055,103.8499985,119.6399994,56.83000183,8.239999771,134.3300018
10/30/2018,213.3000031,103.7300034,115.4000015,57.91999817,8.260000229,132.7599945
10/31/2018,218.8600006,106.8099976,115.4300003,60.09999847,8.23900032,137.8500061
11/1/2018,222.2200012,105.9199982,116.8300018,62.86000061,8.300000191,140.8300018
11/2/2018,207.4799957,106.1600037,115.6699982,61.72999954,8.300000191,139.7799988
11/5/2018,201.5899963,107.5100021,120.0599976,60.86999893,8.300000191,139.8000031
11/6/2018,203.7700043,107.7200012,123.1200027,61.93000031,8.289999962,140.7899933
11/7/2018,209.9499969,111.9599991,124.8399963,63.59999847,8.289999962,144.7799988
11/8/2018,208.4900055,111.75,123.3799973,62.47999954,8.289999962,145.2299957
11/9/2018,204.4700012,109.5699997,123.5400009,60.97999954,8.210000038,143.9299927
11/12/2018,194.1699982,106.8700027,120.9000015,59.95000076,8.166000366,139.7200012
11/13/2018,192.2299957,106.9400024,120.8399963,61.20999908,8.175999641,139.7200012
11/14/2018,186.8000031,104.9700012,120.1999969,62.27999878,8.220000267,139.4900055
11/15/2018,191.4100037,107.2799988,121.4400024,64.38999939,8.239999771,141.8399963
11/16/2018,193.5299988,108.2900009,121.5699997,63.59000015,8.260000229,140.1799927
11/19/2018,185.8600006,104.6200027,120.3099976,62.22000122,8.19299984,134.7599945
11/20/2018,176.9799957,101.7099991,117.1999969,60.88999939,8.170000076,133.3699951
11/21/2018,176.7799988,103.1100006,118.5699997,62.15000153,8.210000038,134.4199982
11/23/2018,172.2899933,103.0699997,117.1900024,62.40000153,8.159999847,132.8699951
11/26/2018,174.6199951,106.4700012,119.5599976,64.37000275,8.180000305,135.9400024
11/27/2018,174.2400055,107.1399994,120.0299988,64.16000366,8.149999619,135.9100037
11/28/2018,180.9400024,111.1200027,123,65.43000031,8.199999809,141.3800049
11/29/2018,179.5500031,110.1900024,121.4800034,64.41999817,8.220000267,139.1000061
11/30/2018,178.5800018,110.8899994,124.2699966,65.58999634,8.210000038,141.7100067
12/3/2018,184.8200073,112.0899963,125.3099976,66.81999969,8.25399971,145
12/4/2018,176.6900024,108.5199966,121.5999985,64.80000305,8.300000191,138.6399994
12/6/2018,174.7200012,109.1900024,123.9100037,63.86000061,8.319999695,141.0500031
12/7/2018,168.4900055,104.8199997,119.3399963,63.00999832,8.380000114,137.1100006
12/10/2018,169.6000061,107.5899963,121.1299973,62.22999954,8.319999695,137.8800049
12/11/2018,168.6300049,108.5899963,120.8899994,62.56999969,8.331000328,136.8099976
12/12/2018,169.1000061,109.0800018,121.1600037,62.81999969,8.350000381,137.8000031
12/13/2018,170.9499969,109.4499969,120.7300034,62.75999832,8.390000343,137.5399933
12/14/2018,165.4799957,106.0299988,119.9000015,62.00999832,8.359999657,135.0899963
12/17/2018,163.9400024,102.8899994,116.0999985,60.08000183,8.359999657,131.3999939
12/18/2018,166.0700073,103.9700012,116.6500015,59.11999893,8.380000114,132.6600037
12/19/2018,160.8899994,103.6900024,116.4300003,57.70000076,8.322999954,131.2599945
12/20/2018,156.8300018,101.5100021,113.0199966,56.70999908,8.420000076,128.7599945
12/21/2018,150.7299957,98.23000336,110.9400024,55.65000153,8.369999886,124.2600021
12/24/2018,146.8300018,94.12999725,107.5699997,55.70999908,8.399999619,121.7300034
12/26/2018,157.1699982,100.5599976,111.3899994,57.90000153,8.43999958,130.2299957
12/27/2018,156.1499939,101.1800003,113.7799988,57.97000122,8.484999657,132.0099945
12/28/2018,156.2299957,100.3899994,113.0299988,58.34999847,8.479999542,130.9400024
12/31/2018,157.7400055,101.5699997,113.6699982,57.93999863,8.520000458,131.9400024
1/2/2019,157.9199982,101.1200027,115.2099991,57.49000168,8.529999733,132.9199982
1/3/2019,142.1900024,97.40000153,112.9100037,55.52999878,8.572999954,128.1300049
1/4/2019,148.2599945,101.9300003,117.3199997,58.72000122,8.539999962,133.6499939
1/7/2019,147.9299927,102.0599976,118.1500015,59.63999939,8.539999962,136.0599976
1/8/2019,150.75,102.8000031,119.8300018,61.04000092,8.588000298,136.8000031
1/9/2019,153.3099976,104.2699966,120.6900024,62.93999863,8.600000381,138.4100037
1/10/2019,153.8000031,103.5999985,121.7900009,63.11000061,8.583999634,138.6699982
1/11/2019,152.2899933,102.8000031,121.4599991,62.88000107,8.579999924,138.0599976
1/14/2019,150,102.0500031,120.3899994,62.29000092,8.522000313,137.1000061
1/15/2019,153.0700073,105.0100021,121.7300034,62.77999878,8.581000328,137.3399963
1/16/2019,154.9400024,105.3799973,121.6200027,63.88999939,8.609999657,137.3399963
1/17/2019,155.8600006,106.1200027,122.1900024,64.33000183,8.664999962,137.2799988
1/18/2019,156.8200073,107.7099991,123.8199997,64.63999939,8.534999847,138.5
1/22/2019,153.3000031,105.6800003,122.5199966,63.00999832,8.510000229,138.0500031
1/23/2019,153.9199982,106.7099991,132.8899994,62.86999893,8.56000042,137.0099945
1/24/2019,152.6999969,106.1999969,132.5299988,64,8.56000042,137.6999969
1/25/2019,157.7599945,107.1699982,133.9700012,65.22000122,8.609999657,138.6699982
1/28/2019,156.3000031,105.0800018,134.2700043,65.22000122,8.675999641,135.9900055
1/29/2019,154.6799927,102.9400024,134.3300018,64.79000092,8.729999542,135
1/30/2019,165.25,106.3799973,134.3800049,68.01999664,8.68900013,137.6000061
1/31/2019,166.4400024,104.4300003,134.4199982,68.51000214,8.720000267,135.0099945
2/1/2019,166.5200043,102.7799988,134.1000061,68.51999664,8.75,140.1499939
2/4/2019,171.25,105.7399979,135.1900024,68.41000366,8.760000229,141.5
2/5/2019,174.1799927,107.2200012,135.5500031,70.05000305,8.777999878,142.5299988
2/6/2019,174.2400055,106.0299988,136.3200073,69.94000244,8.770000458,141.4900055
2/7/2019,170.9400024,105.2699966,133.1900024,68.55000305,8.75,140.1699982
2/8/2019,170.4100037,105.6699982,133.7100067,68.51999664,8.748000145,140.3800049
2/11/2019,169.4299927,105.25,133.9900055,68.5,8.760000229,140.8000031
2/12/2019,170.8899994,106.8899994,136.0500031,68.87999725,8.739999771,141.9900055
2/13/2019,170.1799927,106.8099976,137.5200043,69.06999969,8.699999809,143.4900055
2/14/2019,170.8000031,106.9000015,136.4799957,68.62000275,8.727000237,143.1600037
2/15/2019,170.4199982,108.2200012,138.0299988,67.86000061,8.791000366,144.9100037
2/19/2019,170.9299927,108.1699982,138.6999969,69.11000061,8.859999657,144.4400024
2/20/2019,172.0299988,107.1500015,138,69.40000153,8.850000381,144.7299957
2/21/2019,171.0599976,109.4100037,137.8399963,69.83999634,8.784999847,144
2/22/2019,172.9700012,110.9700012,139.25,71.72000122,8.819999695,145.8699951
2/25/2019,174.2299957,111.5899963,139.4600067,74.02999878,8.779999733,146.0599976
2/26/2019,174.3300018,112.3600006,139.7200012,74.25,8.81000042,147.0399933
2/27/2019,174.8699951,112.1699982,139.1699982,74.73000336,8.800000191,147.2200012
2/28/2019,173.1499939,112.0299988,138.1300049,74.58999634,8.729999542,148.1199951
3/1/2019,174.9700012,112.5299988,139.1999969,74.95999908,8.600000381,149.4700012
3/4/2019,175.8500061,112.2600021,138.4299927,76.01000214,8.56000042,147.9600067
3/5/2019,175.5299988,111.6999969,137.8800049,75.12000275,8.529999733,147.9499969
3/6/2019,174.5200043,111.75,136.9799957,74.79000092,8.550000191,147.8099976
3/7/2019,172.5,110.3899994,135.3600006,72.56999969,8.550000191,146.8300018
3/8/2019,172.9100037,110.5100021,135.0899963,71.75,8.619999886,147.3500061
3/11/2019,178.8999939,112.8300018,137.7100067,73.47000122,8.369999886,150.6699982
3/12/2019,180.9100037,113.6200027,138.2799988,73.58999634,8.609999657,151.7299957
3/13/2019,181.7100067,114.5,138.5599976,73.63999939,8.640000343,152.4700012
3/14/2019,183.7299957,114.5899963,138.7899933,73.47000122,8.619000435,154.1999969
3/15/2019,186.1199951,115.9100037,139.4299927,73.63999939,8.670000076,155.4600067
3/18/2019,188.0200043,117.5699997,140.2100067,73.77999878,8.649999619,154.9600067
3/19/2019,186.5299988,117.6500015,140.4900055,73.94999695,8.649999619,154.5899963
3/20/2019,188.1600037,117.5199966,139.6000061,73.76000214,8.678999901,153.75
3/21/2019,195.0899963,120.2200012,141.4400024,73.73000336,8.640000343,155.8000031
3/22/2019,191.0500031,117.0500031,139.4499969,72.01000214,8.68999958,153.0700073
3/25/2019,188.7400055,117.6600037,139.1799927,72.73999786,8.699999809,153.0299988
3/26/2019,186.7899933,117.9100037,140.2200012,72.55999756,8.725000381,155.3000031
3/27/2019,188.4700012,116.7699966,139.2400055,72.33999634,8.710000038,154.2200012
3/28/2019,188.7200012,116.9300003,139.9199982,72.51999664,8.569999695,154.6699982
3/29/2019,189.9499969,117.9400024,141.1000061,74.12000275,8.579999924,156.1900024
4/1/2019,191.2400055,119.0199966,143.3000031,73.62999725,8.539999962,157.2599945
4/2/2019,194.0200043,119.1900024,143,73.94000244,8.550000191,157.7799988
4/3/2019,195.3500061,119.9700012,143.6300049,72.76000214,8.595000267,158.4600067
4/4/2019,195.6900024,119.3600006,142.7799988,73.23999786,8.550000191,157.6399994
4/5/2019,197,119.8899994,143.2799988,74.01000214,8.56000042,157.6499939
4/8/2019,200.1000061,119.9300003,143.3899994,74.45999908,8.609999657,157.75
4/9/2019,199.5,119.2799988,142.1100006,75.62000275,8.616000175,157.4900055
4/10/2019,200.6199951,120.1900024,143.0200043,75.38999939,8.649999619,158.5599976
4/11/2019,198.9499969,120.3300018,143.7799988,75.08999634,8.630000114,157.8600006
4/12/2019,198.8699951,120.9499969,144.3500061,76.68000031,8.637999535,159.6399994
4/15/2019,199.2299957,121.0500031,143.8999939,74.37000275,8.578000069,160.4400024
4/16/2019,199.25,120.7699966,145.1399994,75.18000031,8.479999542,160.2299957
4/17/2019,203.1300049,121.7699966,139.1100006,76.11000061,8.43999958,160.4400024
4/18/2019,203.8600006,123.3700027,140.3300018,75.98000336,8.484999657,160.1600037
4/22/2019,204.5299988,123.7600021,138.8899994,75.37000275,8.470000267,160.3999939
4/23/2019,207.4799957,125.4400024,140.4400024,76.06999969,8.409999847,161.6600037
4/24/2019,207.1600037,125.0100021,139.9499969,75.43000031,8.460000038,161.4900055
4/25/2019,205.2799988,129.1499939,138.6300049,76.48999786,8.494999886,161.0200043
4/26/2019,204.3000031,129.8899994,139.4400024,76.12000275,8.539999962,162.9299927
4/29/2019,204.6100006,129.7700043,139.0500031,75.98999786,8.510000229,164.1499939
4/30/2019,200.6699982,130.6000061,140.2700043,75.38999939,8.505000114,164.4299927
5/1/2019,210.5200043,127.8799973,140.5599976,76.83999634,8.43999958,162.7899933
5/2/2019,209.1499939,126.2099991,139.5899963,77.37999725,8.432999611,161.1199951
5/3/2019,211.75,128.8999939,140.25,79.15000153,8.458999634,162.0399933
5/6/2019,208.4799957,128.1499939,140.3800049,76.16999817,8.487999916,162.2799988
5/7/2019,202.8600006,125.5199966,137.6399994,73.33999634,8.529999733,160.2100067
5/8/2019,202.8999939,125.5100021,138,72.66999817,8.520000458,160.7599945
5/9/2019,200.7200012,125.5,135.3399963,72.37999725,8.524000168,159.8099976
5/10/2019,197.1799927,127.1299973,135.3200073,71.87000275,8.520000458,160.7100067
5/13/2019,185.7200012,123.3499985,131.4199982,68.68000031,8.579999924,157.3300018
5/14/2019,188.6600037,124.7300034,133.3099976,70.26000214,8.640000343,160.2100067
5/15/2019,190.9199982,126.0199966,134.3999939,71.31999969,8.550000191,162.7899933
5/16/2019,190.0800018,128.9299927,135.8800049,70.51999664,8.579999924,164.8699951
5/17/2019,189,128.0700073,134.3200073,68.06999969,8.510000229,164.0899963
5/20/2019,183.0899963,126.2200012,135.1199951,64.43000031,8.489999771,163.4700012
5/21/2019,186.6000061,126.9000015,136.4499969,65.37000275,8.425999641,163.8600006
5/22/2019,182.7799988,127.6699982,136.3500061,63.34999847,8.420000076,164.2400055
5/23/2019,179.6600037,126.1800003,132.3899994,62.22999954,8.5,161.5099945
5/24/2019,178.9700012,126.2399979,132.2799988,61.90999985,8.470999718,162.6399994
5/28/2019,178.2299957,126.1600037,130.4600067,61.47000122,8.479999542,163.7100067
5/29/2019,177.3800049,124.9400024,129.6900024,60.27000046,8.473999977,162.7299957
5/30/2019,178.3000031,125.7300034,129.5700073,59.88999939,8.520000458,162.7599945
5/31/2019,175.0700073,123.6800003,126.9899979,59.20000076,8.579999924,161.3300018
6/3/2019,173.3000031,119.8399963,128.2700043,59.36000061,8.680000305,158.6000061
6/4/2019,179.6399994,123.1600037,132.6900024,61.16999817,8.703000069,162.3300018
6/5/2019,182.5399933,125.8300018,131.4900055,60.66999817,8.732000351,165.3899994
6/6/2019,185.2200012,127.8199997,132.2200012,60.88000107,8.75,166.9199982
6/7/2019,190.1499939,131.3999939,133.3099976,61.99000168,8.729999542,170.0500031
6/10/2019,192.5800018,132.6000061,134.7400055,65.93000031,8.729999542,170.8200073
6/11/2019,194.8099976,132.1000061,135.9499969,67.12999725,8.744000435,170.3099976
6/12/2019,194.1900024,131.4900055,134.8699951,66.18000031,8.75,171.5899963
6/13/2019,194.1499939,132.3200073,135.7599945,66.59999847,8.800000191,169.3500061
6/14/2019,192.7400055,132.4499969,135.1499939,65.98000336,8.772999763,169.6600037
6/17/2019,193.8899994,132.8500061,134.9499969,66.90000153,8.949999809,169.5599976
6/18/2019,198.4499969,135.1600037,136.3800049,68.70999908,8.812999725,169.2799988
6/19/2019,197.8699951,135.6900024,137.0800018,68.48000336,8.729999542,170.6900024
6/20/2019,199.4600067,136.9499969,138.8500061,69.26000214,8.859999657,173.7400055
6/21/2019,198.7799988,136.9700012,139.1999969,68.87999725,8.899999619,173.4400024
6/24/2019,198.5800018,137.7799988,139.3500061,69.08999634,8.911000252,173.8500061
6/25/2019,195.5700073,133.4299927,138.3600006,68.63999939,8.909999847,171.2799988
6/26/2019,199.8000031,133.9299927,138.5200043,69.61000061,8.923999786,171.0599976
6/27/2019,199.7400055,134.1499939,138.5200043,69.97000122,8.899999619,171.2299957
6/28/2019,197.9199982,133.9600067,137.8999939,69.37000275,8.949999809,173.5500031
7/1/2019,201.5500031,135.6799927,139.8800049,70.56999969,8.911999702,173.9400024
7/2/2019,202.7299957,136.5800018,140.2200012,70.69000244,8.970000267,175.2799988
7/3/2019,204.4100037,137.4600067,141.5399933,70.66000366,8.970000267,176.8699951
7/5/2019,204.2299957,137.0599976,141.3800049,70.26000214,8.970000267,176.6600037
7/8/2019,200.0200043,136.9600067,140.5700073,69.25,8.989999771,176.1900024
7/9/2019,201.2400055,136.4600067,139.3300018,69.55999756,8.954999924,177.7299957
7/10/2019,203.2299957,137.8500061,140.4700012,69.33000183,8.998999596,179.3099976
7/11/2019,201.75,138.3999939,141.2400055,69.27999878,9,180.7400055
7/12/2019,203.3000031,138.8999939,142.7400055,69.76999664,8.949999809,180.3300018
7/15/2019,205.2100067,138.8999939,143.3200073,70.26999664,9,180.5700073
7/16/2019,204.5,137.0800018,143.5299988,70.52999878,8.961999893,179.3099976
7/17/2019,203.3500061,136.2700043,143.0700073,70.44000244,9.029000282,179.1499939
7/18/2019,205.6600037,136.4199982,149.6300049,70.36000061,9.050000191,180.5299988
7/19/2019,202.5899963,136.6199951,149.6799927,70.26000214,8.949999809,179.2400055
7/22/2019,207.2200012,138.4299927,149.7400055,70.55000305,9.039999962,180.5700073
7/23/2019,208.8399963,139.2899933,150.3800049,71.01000214,8.944999695,180.8999939
7/24/2019,208.6699982,140.7200012,150.0299988,71.08999634,9.008000374,183.3300018
7/25/2019,207.0200043,140.1900024,150.3899994,70.87999725,9.050000191,181.5899963
7/26/2019,207.7400055,141.3399963,151.3600006,71.01000214,8.99600029,183.6900024
7/29/2019,209.6799927,141.0299988,150.8800049,70.87000275,9.06000042,183.2100067
7/30/2019,208.7799988,140.3500061,149.7700043,70.65000153,9.06099987,181.5299988
7/31/2019,213.0399933,136.2700043,148.2400055,70.44999695,9.067000389,178
8/1/2019,208.4299927,138.0599976,150.3200073,69.98999786,9.029999733,179.1699982
8/2/2019,204.0200043,136.8999939,147.25,69.95999908,9.130000114,177.4199982
8/5/2019,193.3399963,132.2100067,140.7599945,69.48000336,9.199999809,168.8600006
8/6/2019,197,134.6900024,140.7299957,69.75,9.159999847,172.4799957
8/7/2019,199.0399933,135.2799988,139.1100006,69.80999756,9.199999809,175.3200073
8/8/2019,203.4299927,138.8899994,140.1000061,69.94000244,9.25,179.8999939
8/9/2019,200.9900055,137.7100067,136.1300049,70.01999664,9.239999771,179.0500031
8/12/2019,200.4799957,135.7899933,134.1199951,70,9.260000229,176.3399963
8/13/2019,208.9700012,138.6000061,135.7899933,70.15000153,9.31000042,178.6100006
8/14/2019,202.75,133.9799957,131.25,69.91999817,9.300000191,173.5099945
8/15/2019,201.7400055,133.6799927,131.9199982,69.90000153,9.31000042,176.2700043
8/16/2019,206.5,136.1300049,133.7599945,69.83000183,9.300000191,178.2299957
8/19/2019,210.3500061,138.4100037,135.0399933,69.66999817,9.279999733,179.7400055
8/20/2019,210.3600006,137.2599945,133,69.56999969,9.225000381,179.2400055
8/21/2019,212.6399994,138.7899933,134.25,69.56999969,9.222000122,180.9400024
8/22/2019,212.4600067,137.7799988,134.3200073,69.52999878,9.180000305,180.0899963
8/23/2019,202.6399994,133.3899994,129.5700073,69.51999664,9.289999962,175.2299957
8/26/2019,206.4900055,135.4499969,129.9900055,69.58000183,9.270000458,177.5899963
8/27/2019,204.1600037,135.7400055,131.1699982,69.52999878,9.289999962,178.3800049
8/28/2019,205.5299988,135.5599976,132.7599945,69.51000214,9.350000381,178.6699982
8/29/2019,209.0099945,138.1199951,134.8800049,69.48000336,9.260000229,181.1699982
8/30/2019,208.7400055,137.8600006,135.5299988,69.48999786,9.336999893,180.8200073
9/3/2019,205.6999969,136.0399933,134.1000061,69.44000244,9.399999619,179.1999969
9/4/2019,209.1900024,137.6300049,136.3200073,69.56999969,9.31000042,181.7700043
9/5/2019,213.2799988,140.0500031,140.9700012,69.62000275,9.279999733,184.7299957
9/6/2019,213.2599945,139.1000061,140.5700073,70.08999634,9.399999619,185.7400055
9/9/2019,214.1699982,137.5200043,142.6000061,70.11000061,9.300000191,181.5500031
9/10/2019,216.6999969,136.0800018,145.0500031,70.05000305,9.220000267,176.3500061
9/11/2019,223.5899963,136.1199951,143.6000061,69.98999786,9.210000038,174.9799957
9/12/2019,223.0899963,137.5200043,143.6199951,70,9.284999847,177.9799957
,,,,,,105.0121862
,,,,,,33.60723706
